"fecha","hora","temperatura","humedad","humedad_suelo"
"2022-08-22","02:36:41",19.3,69.5,1024.0
"2022-08-22","02:36:46",19.3,70.1,1024.0
"2022-08-22","02:36:51",19.3,69.7,1024.0
"2022-08-22","02:36:56",19.3,69.4,1024.0
"2022-08-22","02:37:01",19.3,69.2,1024.0
"2022-08-22","02:37:06",19.3,69.1,1024.0
"2022-08-22","02:37:11",19.3,69.1,1024.0
"2022-08-22","12:15:29",18.9,67.4,1.0
"2022-08-22","12:15:34",19.0,67.6,0.0
"2022-08-22","12:15:39",19.0,67.6,0.0
"2022-08-22","12:15:44",19.0,67.5,0.0
"2022-08-22","12:15:49",19.0,67.6,2.0
"2022-08-22","12:15:54",19.0,67.5,17.0
"2022-08-22","12:15:59",19.0,67.5,67.0
"2022-08-22","12:16:04",19.0,67.5,49.0
"2022-08-22","12:16:09",19.0,67.5,0.0
"2022-08-22","12:16:14",19.0,67.5,0.0
"2022-08-22","12:16:19",19.0,67.5,0.0
"2022-08-22","12:16:24",19.0,67.5,26.0
"2022-08-22","12:16:29",19.0,67.5,60.0
"2022-08-22","12:16:34",19.0,67.5,64.0
"2022-08-22","12:16:39",19.0,67.5,690.0
"2022-08-22","12:16:44",19.0,67.5,73.0
"2022-08-22","12:16:49",19.0,67.6,42.0
"2022-08-22","12:16:54",19.0,67.6,20.0
"2022-08-22","12:16:59",19.0,67.6,2.0
"2022-08-22","12:17:04",19.0,67.5,0.0
"2022-08-22","12:18:33",19.2,67.1,1024.0
"2022-08-22","12:18:47",19.2,67.1,1024.0
"2022-08-22","12:19:40",19.2,67.1,1024.0
"2022-08-22","12:20:00",19.2,67.0,1024.0
"2022-08-22","12:35:25",18.7,69.6,1024.0
"2022-08-22","12:36:45",18.8,68.0,1024.0
"2022-08-22","12:48:51",18.6,68.7,1024.0
"2022-08-22","12:49:11",18.7,68.6,1024.0
"2022-08-22","12:49:51",18.7,68.7,1024.0
"2022-08-22","12:50:11",18.7,68.6,1024.0
"2022-08-22","12:51:26",18.7,69.8,1024.0
"2022-08-22","12:51:46",18.8,69.6,1024.0
"2022-08-22","12:52:26",18.8,69.4,1024.0
"2022-08-22","12:52:46",18.8,69.5,951.0
"2022-08-22","12:53:26",18.9,69.1,667.0
"2022-08-22","12:53:31",18.8,68.4,652.0
"2022-08-22","12:53:36",18.8,68.3,606.0
"2022-08-22","12:53:41",18.8,68.3,581.0
"2022-08-22","12:53:46",18.8,68.3,568.0
"2022-08-22","12:53:51",18.8,68.4,566.0
"2022-08-22","12:53:56",18.8,68.4,566.0
"2022-08-22","12:54:01",18.8,68.4,569.0
"2022-08-22","12:54:06",18.8,68.3,572.0
"2022-08-22","12:54:11",18.8,68.4,579.0
"2022-08-22","12:54:16",18.8,68.3,583.0
"2022-08-22","12:54:21",18.8,68.3,591.0
"2022-08-22","12:54:26",18.8,68.3,595.0
"2022-08-22","12:54:31",18.8,68.3,600.0
"2022-08-22","12:54:36",18.8,68.4,606.0
"2022-08-22","12:54:41",18.8,68.5,609.0
"2022-08-22","12:54:46",18.8,68.6,614.0
"2022-08-22","12:54:51",18.7,68.6,616.0
"2022-08-22","12:54:56",18.7,68.7,619.0
"2022-08-22","12:55:01",18.7,68.6,615.0
"2022-08-22","12:55:06",18.7,68.6,618.0
"2022-08-22","12:55:11",18.7,68.6,618.0
"2022-08-22","12:55:16",18.7,68.5,620.0
"2022-08-22","12:55:21",18.7,68.5,620.0
"2022-08-22","12:55:26",18.7,68.5,619.0
"2022-08-22","12:55:31",18.7,68.5,620.0
"2022-08-22","12:55:36",18.7,68.6,621.0
"2022-08-22","12:55:41",18.7,68.6,620.0
"2022-08-22","12:55:46",18.7,68.5,620.0
"2022-08-22","12:55:51",18.8,68.5,622.0
"2022-08-22","12:55:56",18.7,68.5,620.0
"2022-08-22","12:56:01",18.7,68.5,620.0
"2022-08-22","12:56:06",18.7,68.5,620.0
"2022-08-22","12:56:11",18.7,68.5,620.0
"2022-08-22","12:56:16",18.7,68.5,622.0
"2022-08-22","12:56:21",18.7,68.5,622.0
"2022-08-22","12:56:26",18.7,68.6,619.0
"2022-08-22","12:56:32",18.7,68.6,620.0
"2022-08-22","12:56:37",18.7,68.7,621.0
"2022-08-22","12:56:42",18.7,68.7,620.0
"2022-08-22","12:56:47",18.6,68.7,622.0
"2022-08-22","12:56:52",18.6,68.7,620.0
"2022-08-22","12:56:57",18.6,68.7,624.0
"2022-08-22","12:57:02",18.6,68.7,619.0
"2022-08-22","12:57:07",18.6,68.7,618.0
"2022-08-22","12:57:12",18.6,68.8,618.0
"2022-08-22","12:57:17",18.6,68.8,616.0
"2022-08-22","12:57:22",18.6,68.9,617.0
"2022-08-22","12:57:27",18.6,68.9,616.0
"2022-08-22","12:57:32",18.6,68.9,617.0
"2022-08-22","12:57:37",18.6,68.8,618.0
"2022-08-22","12:57:42",18.6,68.8,616.0
"2022-08-22","12:57:47",18.6,68.8,617.0
"2022-08-22","12:57:52",18.7,68.8,617.0
"2022-08-22","12:57:57",18.6,68.8,615.0
"2022-08-22","12:58:02",18.6,68.9,610.0
"2022-08-22","12:58:07",18.6,68.9,610.0
"2022-08-22","12:58:12",18.6,68.9,614.0
"2022-08-22","12:58:17",18.6,68.9,608.0
"2022-08-22","12:58:22",18.6,68.9,609.0
"2022-08-22","12:58:27",18.6,69.0,608.0
"2022-08-22","12:58:32",18.6,69.0,606.0
"2022-08-22","12:58:37",18.6,68.9,606.0
"2022-08-22","12:58:42",18.6,69.0,605.0
"2022-08-22","12:58:47",18.6,68.9,607.0
"2022-08-22","12:58:52",18.6,68.9,606.0
"2022-08-22","12:58:57",18.5,68.9,607.0
"2022-08-22","12:59:02",18.6,69.0,606.0
"2022-08-22","12:59:07",18.6,69.0,602.0
"2022-08-22","12:59:12",18.5,69.0,604.0
"2022-08-22","12:59:17",18.5,69.0,604.0
"2022-08-22","12:59:22",18.5,69.0,601.0
"2022-08-22","12:59:27",18.5,69.1,601.0
"2022-08-22","12:59:32",18.5,69.1,602.0
"2022-08-22","12:59:37",18.5,69.1,601.0
"2022-08-22","12:59:42",18.5,69.1,600.0
"2022-08-22","12:59:47",18.6,69.0,601.0
"2022-08-22","12:59:52",18.5,69.1,598.0
"2022-08-22","12:59:57",18.6,69.0,600.0
"2022-08-22","13:00:02",18.5,69.1,598.0
"2022-08-22","13:00:07",18.6,69.1,598.0
"2022-08-22","13:00:12",18.6,69.1,598.0
"2022-08-22","13:00:17",18.5,69.1,596.0
"2022-08-22","13:00:22",18.6,69.1,596.0
"2022-08-22","13:00:27",18.6,69.2,595.0
"2022-08-22","13:00:32",18.6,69.1,594.0
"2022-08-22","13:00:37",18.6,69.2,595.0
"2022-08-22","13:00:42",18.6,69.2,593.0
"2022-08-22","13:00:47",18.5,69.1,592.0
"2022-08-22","13:00:52",18.6,69.0,594.0
"2022-08-22","13:00:57",18.6,69.0,592.0
"2022-08-22","13:01:02",18.6,68.9,595.0
"2022-08-22","13:01:07",18.6,68.9,595.0
"2022-08-22","13:01:12",18.6,68.9,594.0
"2022-08-22","13:01:17",18.6,68.9,596.0
"2022-08-22","13:01:22",18.6,68.9,595.0
"2022-08-22","13:01:27",18.6,69.0,595.0
"2022-08-22","13:01:32",18.6,69.0,596.0
"2022-08-22","13:01:37",18.6,68.9,595.0
"2022-08-22","13:01:42",18.6,68.9,592.0
"2022-08-22","13:01:47",18.5,68.9,590.0
"2022-08-22","13:01:52",18.6,68.8,591.0
"2022-08-22","13:01:57",18.5,68.8,590.0
"2022-08-22","13:02:02",18.6,68.8,591.0
"2022-08-22","13:02:07",18.6,68.8,591.0
"2022-08-22","13:02:12",18.5,68.8,590.0
"2022-08-22","13:02:17",18.5,68.8,590.0
"2022-08-22","13:02:22",18.5,68.9,590.0
"2022-08-22","13:02:27",18.6,69.0,588.0
"2022-08-22","13:02:32",18.6,69.1,586.0
"2022-08-22","13:02:37",18.6,69.1,585.0
"2022-08-22","13:02:42",18.5,69.1,582.0
"2022-08-22","13:02:47",18.6,69.0,580.0
"2022-08-22","13:02:52",18.5,69.1,582.0
"2022-08-22","13:02:57",18.5,69.0,580.0
"2022-08-22","13:03:03",18.6,69.0,580.0
"2022-08-22","13:03:08",18.6,69.1,580.0
"2022-08-22","13:03:13",18.6,69.1,580.0
"2022-08-22","13:03:18",18.5,69.1,582.0
"2022-08-22","13:03:23",18.5,69.1,581.0
"2022-08-22","13:03:28",18.5,69.1,581.0
"2022-08-22","13:03:33",18.5,69.1,581.0
"2022-08-22","13:03:38",18.5,69.0,581.0
"2022-08-22","13:03:43",18.5,69.0,580.0
"2022-08-22","13:03:48",18.5,69.0,580.0
"2022-08-22","13:03:53",18.5,69.0,580.0
"2022-08-22","13:03:58",18.5,69.0,580.0
"2022-08-22","13:04:03",18.5,69.0,578.0
"2022-08-22","13:04:08",18.5,69.0,578.0
"2022-08-22","13:04:13",18.5,69.0,578.0
"2022-08-22","13:04:18",18.5,69.0,579.0
"2022-08-22","13:04:23",18.5,69.0,579.0
"2022-08-22","13:04:28",18.5,69.1,577.0
"2022-08-22","13:04:33",18.5,69.0,578.0
"2022-08-22","13:04:38",18.5,69.0,579.0
"2022-08-22","13:04:43",18.5,69.1,579.0
"2022-08-22","13:04:48",18.5,69.1,578.0
"2022-08-22","13:04:53",18.5,69.1,578.0
"2022-08-22","13:04:58",18.5,69.1,579.0
"2022-08-22","13:05:03",18.5,69.2,578.0
"2022-08-22","13:05:08",18.5,69.2,580.0
"2022-08-22","13:05:13",18.5,69.1,579.0
"2022-08-22","13:05:18",18.5,69.1,580.0
"2022-08-22","13:05:23",18.5,69.1,578.0
"2022-08-22","13:05:28",18.5,69.0,578.0
"2022-08-22","13:05:33",18.5,69.0,577.0
"2022-08-22","13:05:38",18.5,69.1,577.0
"2022-08-22","13:05:43",18.5,69.1,579.0
"2022-08-22","13:05:48",18.5,69.1,579.0
"2022-08-22","13:05:53",18.5,69.1,579.0
"2022-08-22","13:05:58",18.5,69.1,578.0
"2022-08-22","13:06:03",18.5,69.1,578.0
"2022-08-22","13:06:08",18.5,69.0,579.0
"2022-08-22","13:06:13",18.5,68.9,578.0
"2022-08-22","13:06:18",18.5,68.8,580.0
"2022-08-22","13:06:23",18.5,68.8,578.0
"2022-08-22","13:06:28",18.5,68.8,578.0
"2022-08-22","13:06:33",18.5,68.7,578.0
"2022-08-22","13:06:38",18.5,68.8,576.0
"2022-08-22","13:06:43",18.5,68.7,578.0
"2022-08-22","13:06:48",18.5,68.6,577.0
"2022-08-22","13:06:53",18.5,68.5,576.0
"2022-08-22","13:06:58",18.5,68.4,576.0
"2022-08-22","13:07:03",18.5,68.3,576.0
"2022-08-22","13:07:08",18.5,68.2,578.0
"2022-08-22","13:07:13",18.5,68.2,573.0
"2022-08-22","13:07:18",18.5,68.3,572.0
"2022-08-22","13:07:23",18.5,68.3,573.0
"2022-08-22","13:07:28",18.5,68.3,573.0
"2022-08-22","13:07:33",18.5,68.4,576.0
"2022-08-22","13:07:38",18.5,68.4,576.0
"2022-08-22","13:07:43",18.5,68.4,573.0
"2022-08-22","13:07:48",18.4,68.5,573.0
"2022-08-22","13:07:53",18.5,68.4,576.0
"2022-08-22","13:07:58",18.4,68.4,573.0
"2022-08-22","13:08:03",18.4,68.4,573.0
"2022-08-22","13:08:08",18.4,68.4,572.0
"2022-08-22","13:08:13",18.5,68.5,572.0
"2022-08-22","13:08:18",18.4,68.5,571.0
"2022-08-22","13:08:23",18.4,68.5,572.0
"2022-08-22","13:08:28",18.4,68.5,576.0
"2022-08-22","13:08:33",18.4,68.5,572.0
"2022-08-22","13:08:38",18.4,68.5,572.0
"2022-08-22","13:08:43",18.4,68.5,573.0
"2022-08-22","13:08:48",18.4,68.5,573.0
"2022-08-22","13:08:53",18.4,68.4,574.0
"2022-08-22","17:59:32",18.4,69.5,658.0
"2022-08-22","17:59:37",18.5,69.7,577.0
"2022-08-22","17:59:42",18.5,69.8,502.0
"2022-08-22","17:59:47",18.5,69.8,468.0
"2022-08-22","17:59:52",18.5,69.8,442.0
"2022-08-22","17:59:57",18.5,69.7,417.0
"2022-08-22","18:00:02",18.5,69.7,414.0
"2022-08-22","18:00:07",18.5,69.7,408.0
"2022-08-22","18:00:12",18.5,69.6,399.0
"2022-08-22","18:00:17",18.5,69.5,397.0
"2022-08-22","18:00:22",18.5,69.5,401.0
"2022-08-22","18:00:27",18.5,69.4,403.0
"2022-08-22","18:00:33",18.5,69.4,409.0
"2022-08-22","18:00:38",18.5,69.4,405.0
"2022-08-22","18:00:43",18.5,69.4,406.0
"2022-08-22","18:00:48",18.5,69.4,413.0
"2022-08-22","18:00:53",18.5,69.4,418.0
"2022-08-22","18:00:58",18.5,69.5,427.0
"2022-08-22","18:01:03",18.5,69.7,430.0
"2022-08-22","18:01:08",18.5,69.7,434.0
"2022-08-22","18:01:13",18.5,69.8,437.0
"2022-08-22","18:01:18",18.5,69.9,442.0
"2022-08-22","18:01:23",18.5,69.8,450.0
"2022-08-22","18:01:28",18.6,69.7,456.0
"2022-08-22","18:01:33",18.6,69.7,462.0
"2022-08-22","18:01:38",18.6,69.7,470.0
"2022-08-22","18:01:43",18.6,69.7,478.0
"2022-08-22","18:01:48",18.6,69.6,485.0
"2022-08-22","18:01:53",18.6,69.6,494.0
"2022-08-22","18:01:58",18.6,69.5,500.0
"2022-08-22","18:02:03",18.6,69.4,507.0
"2022-08-22","18:02:08",18.7,69.3,514.0
"2022-08-22","18:02:13",18.7,69.2,519.0
"2022-08-22","18:02:18",18.7,69.1,522.0
"2022-08-22","18:02:23",18.7,69.0,525.0
"2022-08-22","18:02:28",18.7,69.0,531.0
"2022-08-22","18:02:38",18.7,68.8,534.0
"2022-08-22","18:02:43",18.7,68.7,535.0
"2022-08-22","18:02:48",18.8,69.1,536.0
"2022-08-22","18:02:53",18.8,69.2,537.0
"2022-08-22","18:02:58",18.8,71.3,538.0
"2022-08-22","18:03:03",18.8,71.9,541.0
"2022-08-22","18:03:08",18.9,70.9,322.0
"2022-08-22","18:03:13",18.8,70.7,309.0
"2022-08-22","18:03:18",18.9,70.2,317.0
"2022-08-22","18:03:23",18.9,69.5,328.0
"2022-08-22","18:03:33",18.9,69.2,357.0
"2022-08-22","18:04:41",19.6,68.7,370.0
"2022-08-22","18:04:46",19.7,68.0,382.0
"2022-08-22","18:04:51",19.6,67.5,391.0
"2022-08-22","18:04:56",19.6,67.1,406.0
"2022-08-22","18:05:01",19.6,66.9,427.0
"2022-08-22","18:05:11",19.6,69.1,480.0
"2022-08-22","18:05:16",19.6,70.8,506.0
"2022-08-22","18:05:21",19.6,71.0,522.0
"2022-08-22","18:05:26",19.5,69.5,534.0
"2022-08-22","18:05:31",19.6,69.8,532.0
"2022-08-22","18:05:36",19.6,69.5,536.0
"2022-08-22","18:05:46",19.7,68.0,522.0
"2022-08-22","18:06:01",19.7,66.9,535.0
"2022-08-22","18:06:06",19.6,67.0,542.0
"2022-08-22","18:06:16",19.9,66.8,535.0
"2022-08-22","18:06:22",19.8,66.8,522.0
"2022-08-22","18:06:26",19.7,66.7,513.0
"2022-08-22","18:06:32",19.6,66.5,518.0
"2022-08-22","18:06:37",19.6,66.5,525.0
"2022-08-22","18:06:42",19.6,66.5,528.0
"2022-08-22","18:06:47",19.5,66.5,525.0
"2022-08-22","18:06:52",19.5,66.5,535.0
"2022-08-22","18:06:57",19.5,66.5,536.0
"2022-08-22","18:07:02",19.4,66.6,534.0
"2022-08-22","18:07:07",19.4,66.6,541.0
"2022-08-22","18:07:12",19.4,66.5,542.0
"2022-08-22","18:07:17",19.4,66.6,541.0
"2022-08-22","18:07:22",19.4,66.6,542.0
"2022-08-22","18:07:27",19.3,66.6,543.0
"2022-08-22","18:07:32",19.3,66.8,543.0
"2022-08-22","18:07:37",19.4,66.8,545.0
"2022-08-22","18:07:57",19.7,66.4,546.0
"2022-08-22","18:08:12",19.8,66.0,546.0
"2022-08-22","18:08:32",19.9,65.6,545.0
"2022-08-22","18:08:37",19.7,65.7,543.0
"2022-08-22","18:08:42",19.6,65.8,542.0
"2022-08-22","18:08:47",19.6,66.0,546.0
"2022-08-22","18:08:52",19.5,66.2,545.0
"2022-08-22","18:08:57",19.5,66.3,544.0
"2022-08-22","18:09:02",19.4,66.4,545.0
"2022-08-22","18:09:07",19.4,66.5,534.0
"2022-08-22","18:09:12",19.4,66.5,541.0
"2022-08-22","18:09:17",19.4,66.6,540.0
"2022-08-22","18:09:22",19.3,66.6,535.0
"2022-08-22","18:09:27",19.3,66.7,537.0
"2022-08-22","22:16:10",20.7,62.0,1024.0
"2022-08-22","22:16:30",20.6,62.2,1024.0
"2022-08-22","22:17:10",20.4,63.2,1024.0
"2022-08-22","22:17:30",20.3,63.9,1024.0
"2022-08-22","22:18:10",20.1,63.7,754.0
"2022-08-22","22:18:30",20.0,63.6,653.0
"2022-08-22","22:18:35",19.9,63.6,643.0
"2022-08-22","22:18:40",19.9,63.7,618.0
"2022-08-22","22:18:45",19.8,63.7,600.0
"2022-08-22","22:18:50",19.8,63.7,556.0
"2022-08-22","22:18:55",19.8,63.9,538.0
"2022-08-22","22:19:00",19.8,64.0,525.0
"2022-08-22","22:19:05",19.8,64.0,519.0
"2022-08-22","22:19:11",19.7,64.0,514.0
"2022-08-22","22:19:15",19.7,64.2,517.0
"2022-08-22","22:19:21",19.7,64.2,516.0
"2022-08-22","22:19:26",19.7,64.2,520.0
"2022-08-22","22:19:31",19.7,64.2,525.0
"2022-08-22","22:19:36",19.7,64.4,533.0
"2022-08-22","22:19:41",19.6,64.4,542.0
"2022-08-22","22:19:46",19.6,64.4,550.0
"2022-08-22","22:19:51",19.6,64.5,559.0
"2022-08-22","22:19:56",19.6,64.4,567.0
"2022-08-22","22:20:01",19.6,64.5,577.0
"2022-08-22","22:20:06",19.6,64.4,585.0
"2022-08-22","22:20:11",19.6,64.5,588.0
"2022-08-22","22:20:16",19.6,64.5,592.0
"2022-08-22","22:20:21",19.5,64.6,596.0
"2022-08-22","22:20:26",19.5,64.6,598.0
"2022-08-22","22:20:31",19.5,64.6,600.0
"2022-08-22","22:20:36",19.5,64.7,598.0
"2022-08-22","22:20:41",19.4,64.8,600.0
"2022-08-22","22:20:46",19.4,64.8,603.0
"2022-08-22","22:20:51",19.4,64.9,604.0
"2022-08-22","22:20:56",19.4,65.0,606.0
"2022-08-22","22:21:01",19.4,65.0,607.0
"2022-08-22","22:21:06",19.4,65.1,607.0
"2022-08-22","22:21:11",19.4,65.1,607.0
"2022-08-22","22:21:16",19.3,65.1,608.0
"2022-08-22","22:21:21",19.3,65.1,609.0
"2022-08-22","22:21:26",19.3,65.2,609.0
"2022-08-22","22:21:31",19.3,65.2,609.0
"2022-08-22","22:21:36",19.3,65.3,609.0
"2022-08-22","22:21:41",19.3,65.3,610.0
"2022-08-22","22:21:46",19.3,65.4,614.0
"2022-08-22","22:21:51",19.3,65.5,615.0
"2022-08-22","22:21:56",19.3,65.5,616.0
"2022-08-22","22:22:01",19.2,65.5,616.0
"2022-08-22","22:22:06",19.2,65.5,616.0
"2022-08-22","22:22:11",19.2,65.6,616.0
"2022-08-22","22:22:16",19.2,65.5,616.0
"2022-08-22","22:22:21",19.2,65.5,616.0
"2022-08-22","22:22:26",19.2,65.5,618.0
"2022-08-22","22:22:31",19.2,65.6,618.0
"2022-08-22","22:22:36",19.2,65.6,617.0
"2022-08-22","22:22:41",19.2,65.6,617.0
"2022-08-22","22:22:46",19.2,65.7,615.0
"2022-08-22","22:22:51",19.2,65.7,616.0
"2022-08-22","22:22:56",19.2,65.8,615.0
"2022-08-22","22:23:01",19.2,65.8,610.0
"2022-08-22","22:23:06",19.2,65.8,609.0
"2022-08-22","22:23:11",19.2,65.8,610.0
"2022-08-22","22:23:16",19.2,65.8,614.0
"2022-08-22","22:23:21",19.1,65.7,614.0
"2022-08-22","22:23:26",19.2,65.6,614.0
"2022-08-22","22:23:31",19.1,65.6,612.0
"2022-08-22","22:23:36",19.2,65.5,609.0
"2022-08-22","22:23:41",19.1,65.5,609.0
"2022-08-22","22:23:46",19.1,65.5,608.0
"2022-08-22","22:23:51",19.1,65.5,609.0
"2022-08-22","22:23:56",19.1,65.5,608.0
"2022-08-22","22:24:01",19.1,65.5,609.0
"2022-08-22","22:24:06",19.1,65.6,609.0
"2022-08-22","22:24:11",19.1,65.7,608.0
"2022-08-22","22:24:16",19.1,65.7,608.0
"2022-08-22","22:24:21",19.0,65.7,608.0
"2022-08-22","22:24:26",19.0,65.8,607.0
"2022-08-22","22:24:31",19.0,65.8,607.0
"2022-08-22","22:24:36",19.0,65.9,606.0
"2022-08-22","22:24:41",19.0,65.9,605.0
"2022-08-22","22:24:46",19.0,65.9,605.0
"2022-08-22","22:24:51",19.0,66.0,604.0
"2022-08-22","22:24:56",19.0,66.0,604.0
"2022-08-22","22:25:01",19.0,66.0,604.0
"2022-08-22","22:25:06",19.0,66.1,604.0
"2022-08-22","22:25:11",19.0,66.1,602.0
"2022-08-22","22:25:16",19.0,66.1,603.0
"2022-08-22","22:25:21",19.0,66.1,604.0
"2022-08-22","22:25:26",19.0,66.2,604.0
"2022-08-22","22:25:31",19.0,66.2,603.0
"2022-08-22","22:25:37",19.0,66.2,602.0
"2022-08-22","22:25:42",18.9,66.2,602.0
"2022-08-22","22:25:47",18.9,66.2,602.0
"2022-08-22","22:25:52",18.9,66.2,601.0
"2022-08-22","22:25:57",18.9,66.3,600.0
"2022-08-22","22:26:02",18.9,66.3,601.0
"2022-08-22","22:26:07",18.9,66.4,600.0
"2022-08-22","22:26:12",18.9,66.4,601.0
"2022-08-22","22:26:17",18.9,66.4,601.0
"2022-08-22","22:26:22",18.9,66.4,602.0
"2022-08-22","22:26:27",18.9,66.5,603.0
"2022-08-22","22:26:32",18.9,66.5,604.0
"2022-08-22","22:26:37",18.9,66.6,603.0
"2022-08-22","22:26:42",18.9,66.6,603.0
"2022-08-22","22:26:47",18.9,66.5,602.0
"2022-08-22","22:26:52",18.9,66.5,602.0
"2022-08-22","22:26:57",18.9,66.5,603.0
"2022-08-22","22:27:02",18.9,66.5,604.0
"2022-08-22","22:27:07",18.9,66.5,604.0
"2022-08-22","22:27:12",18.9,66.5,604.0
"2022-08-22","22:27:17",18.9,66.6,604.0
"2022-08-22","22:27:22",18.9,66.6,604.0
"2022-08-22","22:27:27",18.9,66.6,603.0
"2022-08-22","22:27:32",18.9,66.6,601.0
"2022-08-22","22:27:37",18.9,66.6,601.0
"2022-08-22","22:27:42",18.9,66.7,600.0
"2022-08-22","22:27:47",18.9,66.7,602.0
"2022-08-22","22:27:52",18.8,66.7,601.0
"2022-08-22","22:27:57",18.9,66.8,600.0
"2022-08-22","22:28:02",18.9,66.8,600.0
"2022-08-22","22:28:07",18.9,66.8,598.0
"2022-08-22","22:28:12",18.9,66.8,600.0
"2022-08-22","22:28:17",18.9,66.7,601.0
"2022-08-22","22:28:22",18.9,66.7,601.0
"2022-08-22","22:28:27",18.9,66.7,600.0
"2022-08-22","22:28:32",18.9,66.7,596.0
"2022-08-22","22:28:37",18.9,66.7,598.0
"2022-08-22","22:28:42",18.9,66.7,600.0
"2022-08-22","22:28:47",18.9,66.7,596.0
"2022-08-22","22:28:52",18.9,66.7,597.0
"2022-08-22","22:28:57",18.9,66.7,596.0
"2022-08-22","22:29:02",18.9,66.6,598.0
"2022-08-22","22:29:07",18.9,66.7,595.0
"2022-08-22","22:29:12",18.9,66.7,592.0
"2022-08-22","22:29:17",18.9,66.6,592.0
"2022-08-22","22:29:22",18.9,66.6,592.0
"2022-08-22","22:29:27",18.9,66.6,592.0
"2022-08-22","22:29:32",18.8,66.6,591.0
"2022-08-22","22:29:37",18.9,66.6,592.0
"2022-08-22","22:29:42",18.8,66.6,592.0
"2022-08-22","22:29:47",18.9,66.6,594.0
"2022-08-22","22:29:52",18.8,66.6,592.0
"2022-08-22","22:29:57",18.8,66.6,591.0
"2022-08-22","22:30:02",18.9,66.6,591.0
"2022-08-22","22:30:07",18.8,66.7,592.0
"2022-08-22","22:30:12",18.8,66.6,594.0
"2022-08-22","22:30:17",18.8,66.7,594.0
"2022-08-22","22:30:22",18.8,66.7,593.0
"2022-08-22","22:30:27",18.8,66.7,592.0
"2022-08-22","22:30:32",18.8,66.7,591.0
"2022-08-22","22:30:37",18.8,66.7,592.0
"2022-08-22","22:30:42",18.8,66.7,591.0
"2022-08-22","22:30:47",18.8,66.7,591.0
"2022-08-22","22:30:52",18.8,66.8,592.0
"2022-08-22","22:30:57",18.8,66.8,594.0
"2022-08-22","22:31:02",18.8,66.8,595.0
"2022-08-22","22:31:07",18.8,66.8,596.0
"2022-08-22","22:31:12",18.8,66.8,595.0
"2022-08-22","22:31:17",18.8,66.9,595.0
"2022-08-22","22:31:22",18.8,66.9,596.0
"2022-08-22","22:31:27",18.8,66.9,595.0
"2022-08-22","22:31:32",18.8,66.9,595.0
"2022-08-22","22:31:37",18.8,66.9,594.0
"2022-08-22","22:31:42",18.8,66.9,594.0
"2022-08-22","22:31:47",18.8,66.9,594.0
"2022-08-22","22:31:52",18.8,66.9,593.0
"2022-08-22","22:31:57",18.8,66.9,594.0
"2022-08-22","22:32:03",18.8,66.8,591.0
"2022-08-22","22:32:08",18.8,66.9,591.0
"2022-08-22","22:32:13",18.8,66.8,591.0
"2022-08-22","22:32:18",18.8,66.9,591.0
"2022-08-22","22:32:23",18.8,66.9,591.0
"2022-08-22","22:32:28",18.8,66.9,592.0
"2022-08-22","22:32:33",18.8,66.9,592.0
"2022-08-22","22:32:38",18.8,67.0,591.0
"2022-08-22","22:32:43",18.8,67.0,591.0
"2022-08-22","22:32:48",18.8,67.0,590.0
"2022-08-22","22:32:53",18.8,67.0,590.0
"2022-08-22","22:32:58",18.8,67.0,591.0
"2022-08-22","22:33:03",18.8,67.0,591.0
"2022-08-22","22:33:08",18.8,67.0,592.0
"2022-08-22","22:33:13",18.8,67.0,593.0
"2022-08-22","22:33:18",18.8,67.0,592.0
"2022-08-22","22:33:23",18.8,67.0,593.0
"2022-08-22","22:33:28",18.8,67.0,594.0
"2022-08-22","22:33:33",18.8,67.0,592.0
"2022-08-22","22:33:38",18.8,67.0,592.0
"2022-08-22","22:33:43",18.8,66.9,595.0
"2022-08-22","22:33:48",18.8,67.0,595.0
"2022-08-22","22:33:53",18.8,67.0,594.0
"2022-08-22","22:33:58",18.8,67.0,593.0
"2022-08-22","22:34:03",18.8,67.0,594.0
"2022-08-22","22:34:08",18.8,67.0,592.0
"2022-08-22","22:34:13",18.8,67.0,592.0
"2022-08-23","10:35:54",18.1,72.5,919.0
"2022-08-23","10:36:14",18.1,72.4,916.0
"2022-08-23","10:47:05",18.4,71.9,950.0
"2022-08-23","10:58:45",18.7,70.3,873.0
"2022-08-23","10:59:05",18.7,70.2,858.0
"2022-08-23","11:00:37",18.9,70.3,884.0
"2022-08-23","11:00:57",18.9,70.1,870.0
"2022-08-23","11:15:11",18.6,72.2,975.0
"2022-08-23","11:16:04",18.6,71.7,326.0
"2022-08-23","11:16:09",18.6,71.9,306.0
"2022-08-23","11:16:14",18.6,72.0,307.0
"2022-08-23","11:16:19",18.7,72.4,306.0
"2022-08-23","11:16:24",18.6,72.5,307.0
"2022-08-23","11:16:29",18.7,72.2,310.0
"2022-08-23","11:16:34",18.7,72.1,308.0
"2022-08-23","11:16:39",18.7,72.7,327.0
"2022-08-23","11:16:44",18.7,72.8,343.0
"2022-08-23","11:16:49",18.7,72.9,353.0
"2022-08-23","11:16:54",18.6,72.6,350.0
"2022-08-23","11:17:58",18.6,70.6,354.0
"2022-08-23","11:18:03",18.6,71.0,344.0
"2022-08-23","11:18:09",18.6,71.4,341.0
"2022-08-23","11:18:14",18.6,71.2,338.0
"2022-08-23","11:18:19",18.6,71.6,334.0
"2022-08-23","11:18:24",18.6,71.7,328.0
"2022-08-23","11:18:29",18.6,71.7,327.0
"2022-08-23","11:18:34",18.6,71.7,325.0
"2022-08-23","11:18:39",18.6,71.4,322.0
"2022-08-23","11:18:44",18.6,71.4,321.0
"2022-08-23","11:18:49",18.6,71.6,320.0
"2022-08-23","11:18:54",18.7,71.7,317.0
"2022-08-23","11:19:35",18.8,71.8,328.0
"2022-08-23","11:19:40",18.8,71.7,326.0
"2022-08-23","11:19:45",18.8,72.2,330.0
"2022-08-23","11:19:50",18.9,72.0,328.0
"2022-08-23","11:19:55",18.9,71.7,326.0
"2022-08-23","11:20:00",18.8,71.3,322.0
"2022-08-23","11:20:05",18.9,71.3,321.0
"2022-08-23","11:20:10",18.9,71.4,319.0
"2022-08-23","11:20:15",18.9,71.6,317.0
"2022-08-23","11:20:20",18.9,71.5,317.0
"2022-08-23","11:20:25",18.9,71.3,315.0
"2022-08-23","11:20:30",18.9,71.2,315.0
"2022-08-23","11:20:35",18.9,71.3,315.0
"2022-08-23","11:20:40",18.9,71.0,310.0
"2022-08-23","11:20:45",18.9,70.9,313.0
"2022-08-23","11:20:50",18.9,70.9,310.0
"2022-08-23","11:22:32",19.7,68.8,334.0
"2022-08-23","11:22:37",19.6,69.3,989.0
"2022-08-23","11:22:57",19.6,69.0,589.0
"2022-08-23","11:23:02",19.5,67.8,589.0
"2022-08-23","11:23:07",19.5,67.7,1024.0
"2022-08-23","11:23:27",19.5,67.7,378.0
"2022-08-23","11:23:32",19.4,68.4,389.0
"2022-08-23","11:23:37",19.4,68.3,401.0
"2022-08-23","11:23:42",19.4,68.4,413.0
"2022-08-23","11:23:47",19.4,68.6,428.0
"2022-08-23","11:23:52",19.3,68.8,440.0
"2022-08-23","11:23:57",19.3,68.7,454.0
"2022-08-23","11:24:02",19.4,68.5,446.0
"2022-08-23","11:24:07",19.3,68.4,329.0
"2022-08-23","11:24:12",19.3,68.4,360.0
"2022-08-23","11:24:17",19.3,68.3,392.0
"2022-08-23","11:24:22",19.3,68.4,430.0
"2022-08-23","11:24:27",19.3,68.6,454.0
"2022-08-23","11:24:32",19.3,68.9,470.0
"2022-08-23","11:24:37",19.3,69.3,484.0
"2022-08-23","11:24:42",19.2,69.5,499.0
"2022-08-23","11:24:47",19.2,69.3,516.0
"2022-08-23","11:24:52",19.2,69.0,529.0
"2022-08-23","11:24:57",19.2,69.1,536.0
"2022-08-23","11:25:02",19.2,69.1,544.0
"2022-08-23","11:25:07",19.2,69.0,547.0
"2022-08-23","11:25:12",19.2,68.9,902.0
"2022-08-23","11:25:32",19.2,69.1,945.0
"2022-08-23","11:25:57",19.1,69.8,307.0
"2022-08-23","11:26:02",19.1,69.5,330.0
"2022-08-23","11:26:07",19.1,69.3,340.0
"2022-08-23","11:26:12",19.1,69.1,353.0
"2022-08-23","11:26:17",19.1,69.1,374.0
"2022-08-23","11:26:22",19.1,69.8,393.0
"2022-08-23","11:31:36",18.7,72.7,414.0
"2022-08-23","11:31:41",18.7,72.1,402.0
"2022-08-23","11:31:46",18.7,72.0,404.0
"2022-08-23","11:32:44",18.8,71.7,867.0
"2022-08-23","11:33:04",18.8,71.5,925.0
"2022-08-23","11:34:43",18.7,71.8,869.0
"2022-08-23","11:35:04",18.7,71.8,932.0
"2022-08-23","11:35:44",18.7,71.6,329.0
"2022-08-23","11:35:49",18.6,72.1,379.0
"2022-08-23","11:35:54",18.7,72.3,401.0
"2022-08-23","11:35:59",18.7,72.8,424.0
"2022-08-23","11:36:04",18.6,72.9,454.0
"2022-08-23","11:36:09",18.6,72.4,490.0
"2022-08-23","11:36:14",18.6,72.9,516.0
"2022-08-23","11:36:19",18.6,73.2,525.0
"2022-08-23","11:36:24",18.6,72.6,528.0
"2022-08-23","11:36:29",18.7,72.5,529.0
"2022-08-23","11:36:34",18.6,72.3,519.0
"2022-08-23","11:36:39",18.6,72.7,517.0
"2022-08-23","11:54:29",18.2,74.2,518.0
"2022-08-23","11:54:34",18.3,73.3,508.0
"2022-08-23","11:54:39",18.3,73.6,513.0
"2022-08-23","11:54:44",18.3,74.0,509.0
"2022-08-23","11:54:49",18.3,74.1,506.0
"2022-08-23","11:54:54",18.3,74.2,504.0
"2022-08-23","11:54:59",18.4,74.3,499.0
"2022-08-23","11:55:04",18.4,73.9,497.0
"2022-08-23","11:55:09",18.4,73.8,494.0
"2022-08-23","11:55:14",18.4,73.9,484.0
"2022-08-23","11:55:19",18.4,73.7,309.0
"2022-08-23","11:55:24",18.4,73.6,412.0
"2022-08-23","11:55:29",18.4,73.7,436.0
"2022-08-23","11:55:34",18.4,73.8,448.0
"2022-08-23","11:55:39",18.4,73.5,456.0
"2022-08-23","11:56:47",18.5,72.1,267.0
"2022-08-23","11:56:52",18.5,71.9,276.0
"2022-08-23","11:56:57",18.5,71.9,294.0
"2022-08-23","11:57:02",18.5,72.0,308.0
"2022-08-23","11:57:07",18.5,72.1,317.0
"2022-08-23","11:57:12",18.6,72.1,322.0
"2022-08-23","11:57:17",18.6,71.8,328.0
"2022-08-23","11:57:22",18.6,71.4,336.0
"2022-08-23","11:57:27",18.6,71.0,344.0
"2022-08-23","11:57:32",18.6,71.1,355.0
"2022-08-23","11:57:37",18.6,70.9,366.0
"2022-08-23","11:57:42",18.6,71.0,387.0
"2022-08-23","11:57:47",18.6,71.2,410.0
"2022-08-23","11:57:52",18.6,71.4,427.0
"2022-08-23","11:57:57",18.6,71.6,440.0
"2022-08-23","11:58:02",18.6,71.4,456.0
"2022-08-23","11:58:07",18.6,71.7,468.0
"2022-08-23","11:58:12",18.6,71.5,481.0
"2022-08-23","11:59:25",18.7,72.6,1024.0
"2022-08-23","11:59:50",19.0,74.3,567.0
"2022-08-23","11:59:55",19.0,73.1,568.0
"2022-08-23","12:00:00",19.0,72.8,569.0
"2022-08-23","12:00:05",19.0,72.6,570.0
"2022-08-23","12:00:10",19.0,72.1,572.0
"2022-08-23","12:00:15",19.0,71.2,572.0
"2022-08-23","12:00:20",19.0,70.6,576.0
"2022-08-23","12:00:25",19.0,70.3,577.0
"2022-08-23","12:00:30",19.0,70.1,578.0
"2022-08-23","12:00:35",19.0,69.9,579.0
"2022-08-23","12:00:40",18.9,69.8,580.0
"2022-08-23","12:00:45",18.9,70.1,581.0
"2022-08-23","12:00:50",18.9,70.4,585.0
"2022-08-23","12:00:55",18.9,70.6,586.0
"2022-08-23","12:01:00",18.9,70.7,588.0
"2022-08-23","12:01:05",18.9,70.4,588.0
"2022-08-23","12:01:10",18.9,71.0,590.0
"2022-08-23","12:01:15",18.9,71.3,590.0
"2022-08-23","12:01:20",18.9,71.5,591.0
"2022-08-23","12:01:25",18.9,71.9,592.0
"2022-08-23","12:01:30",18.8,72.6,594.0
"2022-08-23","12:01:35",18.8,72.8,596.0
"2022-08-23","12:01:40",18.8,72.8,596.0
"2022-08-23","12:01:45",18.8,72.2,600.0
"2022-08-23","12:01:50",18.8,72.6,600.0
"2022-08-23","12:01:55",18.8,72.3,602.0
"2022-08-23","12:02:00",18.8,72.0,602.0
"2022-08-23","12:02:05",18.8,72.3,604.0
"2022-08-23","12:02:10",18.7,71.7,605.0
"2022-08-23","12:02:15",18.8,71.3,607.0
"2022-08-23","12:02:20",18.7,71.0,608.0
"2022-08-23","12:02:25",18.7,70.9,608.0
"2022-08-23","12:02:30",18.7,70.8,609.0
"2022-08-23","12:02:35",18.7,70.7,613.0
"2022-08-23","12:02:40",18.7,70.9,615.0
"2022-08-23","12:02:45",18.7,71.2,615.0
"2022-08-23","12:02:50",18.7,71.1,616.0
"2022-08-23","12:02:55",18.7,70.9,617.0
"2022-08-23","12:03:00",18.7,70.8,618.0
"2022-08-23","12:03:05",18.7,70.7,618.0
"2022-08-23","12:03:10",18.7,70.9,619.0
"2022-08-23","12:03:15",18.7,71.6,620.0
"2022-08-23","12:03:20",18.7,71.8,620.0
"2022-08-23","12:03:25",18.7,71.9,621.0
"2022-08-23","12:03:30",18.7,72.0,620.0
"2022-08-23","12:03:35",18.7,72.0,622.0
"2022-08-23","12:03:40",18.6,72.2,622.0
"2022-08-23","12:03:45",18.6,72.4,622.0
"2022-08-23","12:03:50",18.6,72.0,624.0
"2022-08-23","12:03:55",18.6,71.7,626.0
"2022-08-23","12:04:00",18.6,72.1,627.0
"2022-08-23","12:04:05",18.6,72.2,628.0
"2022-08-23","12:04:10",18.6,72.1,629.0
"2022-08-23","12:04:15",18.6,72.0,629.0
"2022-08-23","12:04:20",18.6,72.1,631.0
"2022-08-23","12:04:25",18.6,72.7,632.0
"2022-08-23","12:04:30",18.6,72.6,630.0
"2022-08-23","12:04:36",18.6,72.6,633.0
"2022-08-23","12:04:41",18.6,72.8,634.0
"2022-08-23","12:04:46",18.6,73.2,636.0
"2022-08-23","12:04:51",18.6,73.4,637.0
"2022-08-23","12:04:56",18.6,73.3,639.0
"2022-08-23","12:05:01",18.6,73.2,637.0
"2022-08-23","12:05:06",18.5,73.2,639.0
"2022-08-23","12:05:11",18.5,73.3,640.0
"2022-08-23","12:05:16",18.6,73.0,642.0
"2022-08-23","12:05:21",18.5,73.0,642.0
"2022-08-23","12:05:26",18.5,72.9,642.0
"2022-08-23","12:05:31",18.5,73.3,642.0
"2022-08-23","12:05:36",18.5,73.7,640.0
"2022-08-23","12:05:41",18.5,74.5,643.0
"2022-08-23","12:05:46",18.5,74.8,643.0
"2022-08-23","12:05:51",18.5,74.4,645.0
"2022-08-23","12:05:56",18.5,74.7,645.0
"2022-08-23","12:06:01",18.5,74.3,646.0
"2022-08-23","12:06:06",18.5,74.1,645.0
"2022-08-23","12:06:11",18.5,74.4,646.0
"2022-08-23","12:06:16",18.5,74.8,648.0
"2022-08-23","12:06:21",18.5,74.4,649.0
"2022-08-23","12:06:26",18.5,73.9,648.0
"2022-08-23","12:06:31",18.5,74.0,648.0
"2022-08-23","12:06:36",18.5,73.8,649.0
"2022-08-23","12:06:41",18.5,73.5,649.0
"2022-08-23","12:06:46",18.5,73.4,649.0
"2022-08-23","12:06:51",18.5,73.4,649.0
"2022-08-23","12:06:56",18.5,73.4,649.0
"2022-08-23","12:07:01",18.4,73.2,652.0
"2022-08-23","12:07:06",18.5,73.0,653.0
"2022-08-23","12:07:11",18.5,73.3,646.0
"2022-08-23","12:07:16",18.4,74.5,650.0
"2022-08-23","12:07:21",18.4,74.6,652.0
"2022-08-23","12:07:26",18.4,74.9,653.0
"2022-08-23","12:07:31",18.4,74.9,654.0
"2022-08-23","12:07:36",18.4,74.4,654.0
"2022-08-23","12:07:41",18.4,73.8,654.0
"2022-08-23","12:07:46",18.4,74.4,656.0
"2022-08-23","12:07:51",18.4,74.6,657.0
"2022-08-23","12:07:56",18.4,74.5,657.0
"2022-08-23","12:08:01",18.4,73.9,657.0
"2022-08-23","12:08:06",18.4,74.1,658.0
"2022-08-23","12:08:11",18.4,74.2,658.0
"2022-08-23","12:08:16",18.4,74.1,661.0
"2022-08-23","12:08:21",18.4,74.0,661.0
"2022-08-23","12:08:26",18.4,73.7,662.0
"2022-08-23","12:08:31",18.4,73.4,662.0
"2022-08-23","12:08:36",18.4,73.5,663.0
"2022-08-23","12:08:41",18.4,73.9,663.0
"2022-08-23","12:08:46",18.4,74.0,665.0
"2022-08-23","12:08:51",18.4,73.7,665.0
"2022-08-23","12:08:56",18.4,73.1,666.0
"2022-08-23","12:09:01",18.4,72.7,663.0
"2022-08-23","12:09:06",18.4,72.4,665.0
"2022-08-23","12:09:11",18.4,72.7,666.0
"2022-08-23","12:09:16",18.4,73.1,666.0
"2022-08-23","12:09:21",18.4,73.2,667.0
"2022-08-23","12:09:26",18.4,73.6,667.0
"2022-08-23","12:09:31",18.4,73.0,667.0
"2022-08-23","12:09:36",18.4,73.5,668.0
"2022-08-23","12:09:41",18.4,73.9,666.0
"2022-08-23","12:09:46",18.4,73.9,666.0
"2022-08-23","12:09:51",18.4,73.8,665.0
"2022-08-23","12:09:56",18.4,73.4,666.0
"2022-08-23","12:10:01",18.3,73.3,667.0
"2022-08-23","12:10:06",18.4,72.9,667.0
"2022-08-23","12:10:11",18.3,73.2,668.0
"2022-08-23","12:10:16",18.4,73.2,668.0
"2022-08-23","12:10:21",18.3,72.8,666.0
"2022-08-23","12:10:26",18.3,72.9,670.0
"2022-08-23","12:10:31",18.3,73.4,672.0
"2022-08-23","12:10:36",18.3,73.7,672.0
"2022-08-23","12:10:41",18.3,74.3,673.0
"2022-08-23","12:10:46",18.3,74.4,673.0
"2022-08-23","12:10:51",18.3,74.2,674.0
"2022-08-23","12:10:57",18.3,74.3,674.0
"2022-08-23","12:11:02",18.3,74.3,675.0
"2022-08-23","12:11:07",18.3,74.2,675.0
"2022-08-23","12:11:12",18.3,74.2,675.0
"2022-08-23","12:11:17",18.3,74.3,675.0
"2022-08-23","12:11:22",18.3,74.3,676.0
"2022-08-23","12:11:27",18.3,74.7,678.0
"2022-08-23","12:11:32",18.3,74.5,678.0
"2022-08-23","12:11:37",18.3,74.2,679.0
"2022-08-23","12:11:42",18.3,74.2,679.0
"2022-08-23","12:11:47",18.4,74.4,680.0
"2022-08-23","12:11:52",18.3,74.9,681.0
"2022-08-23","12:11:57",18.3,75.0,681.0
"2022-08-23","12:12:02",18.3,74.8,682.0
"2022-08-23","12:12:07",18.3,74.6,682.0
"2022-08-23","12:12:12",18.3,74.8,682.0
"2022-08-23","12:12:17",18.3,74.5,682.0
"2022-08-23","12:12:22",18.3,74.1,684.0
"2022-08-23","12:12:27",18.3,73.2,685.0
"2022-08-23","12:12:32",18.3,73.3,685.0
"2022-08-23","12:12:37",18.3,73.7,685.0
"2022-08-23","12:12:42",18.3,74.4,686.0
"2022-08-23","12:12:47",18.3,74.6,685.0
"2022-08-23","12:12:52",18.3,74.7,687.0
"2022-08-23","12:12:57",18.3,74.1,688.0
"2022-08-23","12:13:02",18.3,73.9,688.0
"2022-08-23","12:13:07",18.3,73.9,687.0
"2022-08-23","12:13:12",18.3,73.9,688.0
"2022-08-23","12:13:17",18.3,73.6,689.0
"2022-08-23","12:13:22",18.3,73.7,688.0
"2022-08-23","12:13:27",18.3,74.0,689.0
"2022-08-23","12:13:32",18.3,74.0,687.0
"2022-08-23","12:13:37",18.3,74.2,689.0
"2022-08-23","12:13:42",18.3,74.4,689.0
"2022-08-23","12:13:47",18.3,74.4,687.0
"2022-08-23","12:13:52",18.3,73.9,689.0
"2022-08-23","12:13:57",18.3,73.7,690.0
"2022-08-23","12:14:02",18.3,74.2,691.0
"2022-08-23","12:14:07",18.3,74.5,691.0
"2022-08-23","12:14:12",18.3,74.8,691.0
"2022-08-23","12:14:17",18.3,74.3,691.0
"2022-08-23","12:14:22",18.3,74.2,692.0
"2022-08-23","12:14:27",18.3,73.6,692.0
"2022-08-23","12:14:32",18.3,73.4,692.0
"2022-08-23","12:14:37",18.3,73.7,693.0
"2022-08-23","12:14:42",18.3,73.9,693.0
"2022-08-23","12:14:47",18.3,74.1,693.0
"2022-08-23","12:14:52",18.3,74.5,694.0
"2022-08-23","12:14:57",18.3,74.5,696.0
"2022-08-23","12:15:02",18.3,74.6,696.0
"2022-08-23","12:15:07",18.3,75.1,696.0
"2022-08-23","12:15:12",18.3,75.2,696.0
"2022-08-23","12:15:17",18.3,75.2,692.0
"2022-08-23","12:15:22",18.3,74.9,696.0
"2022-08-23","12:15:27",18.3,74.7,696.0
"2022-08-23","12:15:32",18.3,75.2,694.0
"2022-08-23","12:15:37",18.3,74.8,696.0
"2022-08-23","12:15:42",18.3,74.4,696.0
"2022-08-23","12:15:47",18.3,74.5,697.0
"2022-08-23","12:15:52",18.3,74.6,697.0
"2022-08-23","12:15:57",18.3,74.8,701.0
"2022-08-23","12:16:17",18.3,74.8,265.0
"2022-08-23","12:16:22",18.3,74.3,375.0
"2022-08-23","12:16:27",18.3,73.7,397.0
"2022-08-23","12:16:32",18.3,73.3,410.0
"2022-08-23","12:16:37",18.3,73.1,415.0
"2022-08-23","12:16:42",18.4,73.2,424.0
"2022-08-23","12:16:47",18.4,73.5,427.0
"2022-08-23","12:16:52",18.4,73.9,428.0
"2022-08-23","12:16:57",18.4,74.1,429.0
"2022-08-23","12:17:02",18.4,74.1,433.0
"2022-08-23","12:17:07",18.4,73.8,430.0
"2022-08-23","12:17:12",18.4,73.7,433.0
"2022-08-23","12:17:17",18.5,73.3,433.0
"2022-08-23","12:17:22",18.5,73.3,434.0
"2022-08-23","12:17:27",18.5,72.6,435.0
"2022-08-23","12:17:32",18.5,72.3,435.0
"2022-08-23","12:17:37",18.5,72.1,434.0
"2022-08-23","12:17:42",18.5,71.8,433.0
"2022-08-23","12:17:48",18.5,71.8,434.0
"2022-08-23","12:17:53",18.5,71.6,436.0
"2022-08-23","12:17:58",18.5,71.6,436.0
"2022-08-23","12:18:03",18.5,72.4,433.0
"2022-08-23","12:18:08",18.5,72.2,434.0
"2022-08-23","12:18:13",18.5,71.9,434.0
"2022-08-23","12:18:18",18.6,71.7,435.0
"2022-08-23","12:18:23",18.5,71.7,436.0
"2022-08-23","12:18:28",18.5,72.3,437.0
"2022-08-23","12:18:33",18.6,72.5,437.0
"2022-08-23","12:18:38",18.5,73.0,437.0
"2022-08-23","12:18:43",18.5,72.5,438.0
"2022-08-23","12:18:48",18.5,72.4,438.0
"2022-08-23","12:18:53",18.5,72.9,438.0
"2022-08-23","12:18:58",18.5,72.5,439.0
"2022-08-23","12:19:03",18.5,72.3,439.0
"2022-08-23","12:19:08",18.5,72.3,439.0
"2022-08-23","12:19:13",18.5,72.4,440.0
"2022-08-23","12:19:18",18.5,73.1,441.0
"2022-08-23","12:19:23",18.5,73.5,441.0
"2022-08-23","12:19:28",18.5,73.6,442.0
"2022-08-23","12:19:33",18.5,73.8,442.0
"2022-08-23","12:19:38",18.5,73.9,442.0
"2022-08-23","12:19:43",18.5,74.1,445.0
"2022-08-23","12:19:48",18.5,74.0,446.0
"2022-08-23","12:19:53",18.5,73.1,446.0
"2022-08-23","12:19:58",18.5,73.1,447.0
"2022-08-23","12:20:03",18.5,72.9,447.0
"2022-08-23","12:20:08",18.5,73.4,448.0
"2022-08-23","12:20:13",18.5,74.0,448.0
"2022-08-23","12:20:18",18.5,74.5,449.0
"2022-08-23","12:20:23",18.5,74.4,449.0
"2022-08-23","12:20:28",18.5,74.1,450.0
"2022-08-23","12:20:33",18.5,74.2,451.0
"2022-08-23","12:20:38",18.5,74.3,451.0
"2022-08-23","12:20:43",18.5,74.1,452.0
"2022-08-23","12:20:48",18.5,73.7,453.0
"2022-08-23","12:20:53",18.4,74.4,454.0
"2022-08-23","12:20:58",18.4,74.6,454.0
"2022-08-23","12:21:03",18.4,74.5,454.0
"2022-08-23","12:21:08",18.4,74.5,456.0
"2022-08-23","12:21:13",18.4,74.1,457.0
"2022-08-23","12:21:18",18.4,74.4,457.0
"2022-08-23","12:21:23",18.4,74.0,457.0
"2022-08-23","12:21:28",18.5,74.3,459.0
"2022-08-23","12:21:33",18.4,74.4,459.0
"2022-08-23","12:21:38",18.4,74.5,460.0
"2022-08-23","12:21:43",18.4,74.8,461.0
"2022-08-23","12:21:48",18.5,74.4,461.0
"2022-08-23","12:21:53",18.4,74.6,461.0
"2022-08-23","12:21:58",18.4,74.6,462.0
"2022-08-23","12:22:03",18.4,74.9,463.0
"2022-08-23","12:22:08",18.5,75.0,464.0
"2022-08-23","12:22:13",18.4,74.8,465.0
"2022-08-23","12:22:18",18.4,74.7,465.0
"2022-08-23","12:22:23",18.4,74.8,466.0
"2022-08-23","12:22:28",18.4,74.9,466.0
"2022-08-23","12:22:33",18.4,74.7,468.0
"2022-08-23","12:22:38",18.4,74.9,469.0
"2022-08-23","12:22:43",18.4,74.1,469.0
"2022-08-23","12:22:48",18.4,73.5,470.0
"2022-08-23","12:22:53",18.4,73.4,470.0
"2022-08-23","12:22:58",18.4,73.7,471.0
"2022-08-23","12:23:03",18.4,73.9,471.0
"2022-08-23","12:23:08",18.4,74.1,471.0
"2022-08-23","12:23:13",18.4,74.0,474.0
"2022-08-23","12:23:18",18.4,74.3,474.0
"2022-08-23","12:23:23",18.4,74.4,474.0
"2022-08-23","12:23:28",18.4,74.2,475.0
"2022-08-23","12:23:33",18.4,74.1,476.0
"2022-08-23","12:23:38",18.4,74.3,476.0
"2022-08-23","12:23:43",18.4,74.4,477.0
"2022-08-23","12:23:48",18.4,74.2,478.0
"2022-08-23","12:23:53",18.4,74.3,478.0
"2022-08-23","12:23:58",18.4,73.8,478.0
"2022-08-23","12:24:03",18.4,74.1,480.0
"2022-08-23","12:24:08",18.4,74.4,480.0
"2022-08-23","12:24:14",18.4,74.3,481.0
"2022-08-23","12:24:19",18.4,74.6,481.0
"2022-08-23","12:24:24",18.4,74.6,481.0
"2022-08-23","12:24:29",18.4,74.5,483.0
"2022-08-23","12:24:34",18.4,74.5,483.0
"2022-08-23","12:24:39",18.4,74.6,483.0
"2022-08-23","12:24:44",18.4,74.5,484.0
"2022-08-23","12:24:49",18.4,74.8,484.0
"2022-08-23","12:24:54",18.4,74.2,485.0
"2022-08-23","12:24:59",18.4,74.0,486.0
"2022-08-23","12:25:04",18.4,73.6,487.0
"2022-08-23","12:25:09",18.4,74.2,487.0
"2022-08-23","12:25:14",18.4,74.2,487.0
"2022-08-23","12:25:19",18.4,73.9,488.0
"2022-08-23","12:25:24",18.4,73.9,488.0
"2022-08-23","12:25:29",18.4,74.1,488.0
"2022-08-23","12:25:34",18.3,73.6,488.0
"2022-08-23","12:25:39",18.4,73.2,488.0
"2022-08-23","12:25:44",18.4,73.7,489.0
"2022-08-23","12:25:49",18.4,73.7,489.0
"2022-08-23","12:25:54",18.3,73.9,489.0
"2022-08-23","12:25:59",18.4,74.1,490.0
"2022-08-23","12:26:04",18.3,74.2,493.0
"2022-08-23","12:26:09",18.3,74.2,493.0
"2022-08-23","12:26:14",18.3,74.4,493.0
"2022-08-23","12:26:19",18.3,74.4,493.0
"2022-08-23","12:26:24",18.3,74.2,494.0
"2022-08-23","15:20:39",18.6,69.8,379.0
"2022-08-23","15:20:44",18.6,69.7,360.0
"2022-08-23","15:20:54",18.7,69.6,353.0
"2022-08-23","15:20:59",18.7,69.6,350.0
"2022-08-23","15:21:04",18.7,69.5,348.0
"2022-08-23","15:21:09",18.7,69.5,339.0
"2022-08-23","15:21:14",18.7,69.5,349.0
"2022-08-23","15:22:23",18.8,69.6,997.0
"2022-08-23","15:22:43",18.8,69.5,1024.0
"2022-08-23","15:23:28",18.9,69.1,332.0
"2022-08-23","15:23:33",18.9,69.0,338.0
"2022-08-23","15:23:38",18.9,68.9,341.0
"2022-08-23","15:23:43",18.9,68.9,344.0
"2022-08-23","15:23:48",18.9,69.0,349.0
"2022-08-23","15:23:53",18.9,69.0,354.0
"2022-08-23","15:23:58",18.9,69.0,360.0
"2022-08-23","15:24:03",18.9,68.9,367.0
"2022-08-23","15:24:08",18.9,68.9,376.0
"2022-08-23","15:24:13",18.9,68.9,388.0
"2022-08-23","15:24:18",18.9,68.9,403.0
"2022-08-23","15:24:23",18.9,68.9,423.0
"2022-08-23","15:24:28",18.9,68.9,415.0
"2022-08-23","15:24:33",18.9,68.9,434.0
"2022-08-23","15:24:38",18.9,69.0,449.0
"2022-08-23","15:24:43",18.9,68.9,460.0
"2022-08-23","15:24:48",18.9,68.8,470.0
"2022-08-23","15:24:53",18.9,68.9,480.0
"2022-08-23","15:24:58",18.9,68.9,488.0
"2022-08-23","15:25:03",18.9,68.9,496.0
"2022-08-23","15:25:08",18.9,69.0,502.0
"2022-08-23","15:25:13",18.9,68.9,507.0
"2022-08-23","15:25:18",18.9,68.8,509.0
"2022-08-23","15:25:23",18.9,68.8,513.0
"2022-08-23","15:25:28",18.8,68.9,516.0
"2022-08-23","15:25:33",18.8,69.0,518.0
"2022-08-23","15:25:38",18.9,69.0,519.0
"2022-08-23","15:25:43",18.8,68.9,522.0
"2022-08-23","15:25:48",18.8,69.0,522.0
"2022-08-23","15:25:53",18.8,68.9,523.0
"2022-08-23","15:25:58",18.8,68.9,525.0
"2022-08-23","15:26:03",18.8,69.0,526.0
"2022-08-23","15:26:08",18.8,69.0,526.0
"2022-08-23","15:26:13",18.8,68.9,526.0
"2022-08-23","15:26:18",18.8,68.9,526.0
"2022-08-23","15:26:23",18.8,69.0,528.0
"2022-08-23","15:26:28",18.8,69.1,528.0
"2022-08-23","15:26:33",18.8,69.0,529.0
"2022-08-23","15:26:38",18.8,69.0,529.0
"2022-08-23","15:26:43",18.8,69.1,529.0
"2022-08-23","15:26:48",18.8,69.1,531.0
"2022-08-23","15:26:53",18.8,69.1,531.0
"2022-08-23","15:26:58",18.8,69.1,532.0
"2022-08-23","15:27:03",18.8,69.1,532.0
"2022-08-23","15:27:08",18.8,69.1,532.0
"2022-08-23","15:27:13",18.8,69.1,532.0
"2022-08-23","15:27:18",18.8,69.2,532.0
"2022-08-23","15:27:23",18.8,69.2,532.0
"2022-08-23","15:27:28",18.8,69.1,533.0
"2022-08-23","15:27:33",18.8,69.1,532.0
"2022-08-23","15:27:38",18.8,69.1,532.0
"2022-08-23","15:27:43",18.7,69.1,532.0
"2022-08-23","15:27:48",18.7,69.1,532.0
"2022-08-23","15:27:53",18.7,69.2,532.0
"2022-08-23","15:27:58",18.7,69.2,533.0
"2022-08-23","15:28:03",18.7,69.2,533.0
"2022-08-23","15:28:08",18.7,69.2,533.0
"2022-08-23","15:28:13",18.7,69.2,533.0
"2022-08-23","15:28:18",18.7,69.2,533.0
"2022-08-23","15:28:23",18.7,69.2,533.0
"2022-08-23","15:28:28",18.7,69.3,533.0
"2022-08-23","15:28:33",18.8,69.3,533.0
"2022-08-23","15:28:38",18.7,69.3,534.0
"2022-08-23","15:28:43",18.7,69.3,534.0
"2022-08-23","15:28:48",18.7,69.3,533.0
"2022-08-23","15:28:53",18.7,69.2,534.0
"2022-08-23","15:28:58",18.7,69.3,534.0
"2022-08-23","15:29:04",18.7,69.3,534.0
"2022-08-23","15:29:09",18.7,69.3,535.0
"2022-08-23","15:29:14",18.7,69.3,535.0
"2022-08-23","15:29:19",18.7,69.3,535.0
"2022-08-23","15:29:24",18.7,69.3,535.0
"2022-08-23","15:29:29",18.7,69.4,535.0
"2022-08-23","15:29:34",18.7,69.4,535.0
"2022-08-23","15:29:39",18.7,69.4,535.0
"2022-08-23","15:29:44",18.7,69.4,535.0
"2022-08-23","15:29:49",18.7,69.4,535.0
"2022-08-23","15:29:54",18.7,69.4,535.0
"2022-08-23","15:29:59",18.7,69.4,536.0
"2022-08-23","15:30:04",18.7,69.4,536.0
"2022-08-23","15:30:09",18.7,69.4,536.0
"2022-08-23","15:30:14",18.7,69.4,537.0
"2022-08-23","15:30:19",18.7,69.4,537.0
"2022-08-23","15:30:24",18.7,69.4,536.0
"2022-08-23","15:30:29",18.7,69.4,537.0
"2022-08-23","15:30:34",18.7,69.3,538.0
"2022-08-23","15:30:39",18.7,69.3,538.0
"2022-08-23","15:30:44",18.7,69.4,538.0
"2022-08-23","15:30:49",18.7,69.4,537.0
"2022-08-23","15:30:54",18.7,69.4,538.0
"2022-08-23","15:30:59",18.7,69.3,538.0
"2022-08-23","15:31:04",18.7,69.3,538.0
"2022-08-23","15:31:09",18.7,69.3,538.0
"2022-08-23","15:31:14",18.7,69.3,540.0
"2022-08-23","15:31:19",18.7,69.3,538.0
"2022-08-23","15:31:24",18.7,69.3,540.0
"2022-08-23","15:31:29",18.7,69.3,541.0
"2022-08-23","15:31:34",18.7,69.4,541.0
"2022-08-23","15:31:39",18.7,69.4,542.0
"2022-08-23","15:31:44",18.7,69.3,541.0
"2022-08-23","15:31:49",18.7,69.4,541.0
"2022-08-23","15:31:54",18.7,69.3,542.0
"2022-08-23","15:31:59",18.7,69.4,542.0
"2022-08-23","15:32:04",18.6,69.4,542.0
"2022-08-23","15:32:09",18.6,69.4,542.0
"2022-08-23","15:32:14",18.7,69.4,542.0
"2022-08-23","15:32:19",18.6,69.4,543.0
"2022-08-23","15:32:24",18.6,69.4,542.0
"2022-08-23","15:32:29",18.7,69.4,543.0
"2022-08-23","15:32:34",18.6,69.5,542.0
"2022-08-23","15:32:39",18.6,69.5,543.0
"2022-08-23","15:32:44",18.6,69.5,544.0
"2022-08-23","15:32:49",18.6,69.5,543.0
"2022-08-23","15:32:54",18.7,69.5,543.0
"2022-08-23","15:32:59",18.6,69.5,544.0
"2022-08-23","15:33:04",18.6,69.4,544.0
"2022-08-23","15:33:09",18.6,69.4,544.0
"2022-08-23","15:33:14",18.6,69.4,544.0
"2022-08-23","15:33:19",18.6,69.4,544.0
"2022-08-23","15:33:24",18.6,69.4,544.0
"2022-08-23","15:33:29",18.6,69.5,543.0
"2022-08-23","15:33:34",18.6,69.4,544.0
"2022-08-23","15:33:39",18.6,69.4,543.0
"2022-08-23","15:33:44",18.6,69.6,544.0
"2022-08-23","15:33:49",18.6,69.8,543.0
"2022-08-23","15:33:54",18.6,69.8,543.0
"2022-08-23","15:33:59",18.6,69.8,544.0
"2022-08-23","15:34:04",18.6,69.8,545.0
"2022-08-23","15:34:09",18.6,69.7,545.0
"2022-08-23","15:34:14",18.7,69.7,545.0
"2022-08-23","15:34:19",18.7,69.7,545.0
"2022-08-23","15:34:24",18.7,69.6,544.0
"2022-08-23","15:34:29",18.7,69.6,545.0
"2022-08-23","15:34:34",18.7,69.6,545.0
"2022-08-23","15:34:39",18.7,69.5,545.0
"2022-08-23","15:34:44",18.7,69.5,545.0
"2022-08-23","15:34:49",18.7,69.5,545.0
"2022-08-23","15:34:54",18.7,69.4,545.0
"2022-08-23","15:34:59",18.7,69.5,545.0
"2022-08-23","15:35:04",18.7,69.5,545.0
"2022-08-23","15:35:09",18.7,69.5,546.0
"2022-08-23","15:35:14",18.7,69.4,546.0
"2022-08-23","15:35:19",18.7,69.4,546.0
"2022-08-23","15:35:25",18.7,69.3,546.0
"2022-08-23","15:35:30",18.7,69.4,547.0
"2022-08-23","15:35:35",18.7,69.4,547.0
"2022-08-23","15:35:40",18.7,69.5,547.0
"2022-08-23","15:35:45",18.7,69.6,547.0
"2022-08-23","15:35:50",18.7,69.7,547.0
"2022-08-23","15:35:55",18.7,69.7,547.0
"2022-08-23","15:36:00",18.7,69.7,546.0
"2022-08-23","15:36:05",18.7,69.7,546.0
"2022-08-23","15:36:10",18.7,69.7,547.0
"2022-08-23","15:36:15",18.7,69.7,547.0
"2022-08-23","15:36:20",18.7,69.6,547.0
"2022-08-23","15:36:25",18.7,69.6,547.0
"2022-08-23","15:36:30",18.7,69.5,549.0
"2022-08-23","15:36:35",18.7,69.4,547.0
"2022-08-23","15:36:40",18.7,69.4,548.0
"2022-08-23","15:36:45",18.7,69.4,547.0
"2022-08-23","15:36:50",18.7,69.4,549.0
"2022-08-23","15:36:55",18.7,69.4,552.0
"2022-08-23","15:37:00",18.7,69.4,552.0
"2022-08-23","15:37:05",18.7,69.5,552.0
"2022-08-23","15:37:10",18.7,69.5,550.0
"2022-08-23","15:37:15",18.7,69.5,552.0
"2022-08-23","15:37:20",18.7,69.6,552.0
"2022-08-23","15:37:25",18.7,69.6,552.0
"2022-08-23","15:37:30",18.7,69.7,552.0
"2022-08-23","15:37:35",18.7,69.7,549.0
"2022-08-23","15:37:40",18.7,69.7,552.0
"2022-08-23","15:37:45",18.7,69.7,553.0
"2022-08-23","15:37:50",18.7,69.8,553.0
"2022-08-23","15:37:55",18.7,69.7,553.0
"2022-08-23","15:38:00",18.7,69.6,553.0
"2022-08-23","15:38:05",18.7,69.6,552.0
"2022-08-23","15:38:10",18.7,69.5,553.0
"2022-08-23","15:38:15",18.7,69.5,552.0
"2022-08-23","15:38:20",18.7,69.5,552.0
"2022-08-23","15:38:25",18.7,69.5,552.0
"2022-08-23","15:38:30",18.7,69.4,552.0
"2022-08-23","15:38:35",18.7,69.4,552.0
"2022-08-23","15:38:40",18.7,69.4,552.0
"2022-08-23","15:38:45",18.7,69.4,552.0
"2022-08-23","15:38:50",18.7,69.4,552.0
"2022-08-23","15:38:55",18.7,69.4,552.0
"2022-08-23","15:39:00",18.7,69.4,552.0
"2022-08-23","15:39:05",18.7,69.4,552.0
"2022-08-23","15:39:10",18.7,69.4,552.0
"2022-08-23","15:39:15",18.7,69.4,553.0
"2022-08-23","15:39:20",18.7,69.4,552.0
"2022-08-23","15:39:25",18.7,69.5,553.0
"2022-08-23","15:39:30",18.7,69.5,554.0
"2022-08-23","15:39:35",18.7,69.6,554.0
"2022-08-23","15:39:40",18.7,69.5,554.0
"2022-08-23","15:39:45",18.7,69.5,554.0
"2022-08-23","15:39:50",18.7,69.5,553.0
"2022-08-23","15:39:55",18.7,69.5,553.0
"2022-08-23","15:40:00",18.7,69.5,553.0
"2022-08-23","15:40:05",18.6,69.5,553.0
"2022-08-23","15:40:10",18.7,69.5,553.0
"2022-08-23","15:40:15",18.7,69.5,553.0
"2022-08-23","15:40:20",18.7,69.5,554.0
"2022-08-23","15:40:25",18.7,69.5,554.0
"2022-08-23","15:40:30",18.7,69.5,554.0
"2022-08-23","15:40:35",18.7,69.5,554.0
"2022-08-23","15:40:40",18.7,69.5,553.0
"2022-08-23","15:40:45",18.6,69.5,553.0
"2022-08-23","15:40:50",18.7,69.5,553.0
"2022-08-23","15:40:55",18.7,69.4,554.0
"2022-08-23","15:41:00",18.7,69.4,554.0
"2022-08-23","15:41:05",18.7,69.3,554.0
"2022-08-23","15:41:10",18.6,69.3,554.0
"2022-08-23","15:41:15",18.7,69.3,554.0
"2022-08-23","15:41:20",18.6,69.4,553.0
"2022-08-23","15:41:25",18.7,69.4,554.0
"2022-08-23","15:41:30",18.7,69.4,554.0
"2022-08-23","15:41:35",18.7,69.3,555.0
"2022-08-23","15:41:41",18.7,69.3,556.0
"2022-08-23","15:41:46",18.6,69.4,556.0
"2022-08-23","15:41:51",18.6,69.3,555.0
"2022-08-23","15:41:56",18.6,69.3,555.0
"2022-08-23","15:42:01",18.7,69.3,555.0
"2022-08-23","15:42:06",18.6,69.3,555.0
"2022-08-23","15:42:11",18.7,69.4,556.0
"2022-08-23","15:42:16",18.6,69.4,555.0
"2022-08-23","15:42:21",18.7,69.3,556.0
"2022-08-23","15:42:26",18.6,69.3,555.0
"2022-08-23","15:42:31",18.6,69.3,555.0
"2022-08-23","15:42:36",18.6,69.4,552.0
"2022-08-23","15:42:41",18.6,69.3,554.0
"2022-08-23","15:42:46",18.6,69.3,554.0
"2022-08-23","15:42:51",18.7,69.3,553.0
"2022-08-23","15:42:56",18.6,69.3,553.0
"2022-08-23","15:43:01",18.6,69.4,553.0
"2022-08-23","15:43:06",18.6,69.4,555.0
"2022-08-23","15:43:11",18.6,69.4,554.0
"2022-08-23","15:43:16",18.6,69.9,553.0
"2022-08-23","15:43:21",18.7,70.3,553.0
"2022-08-23","15:43:26",18.7,70.3,553.0
"2022-08-23","15:43:31",18.7,70.3,553.0
"2022-08-23","15:43:37",18.7,70.1,552.0
"2022-08-23","15:43:41",18.7,69.9,549.0
"2022-08-23","15:43:46",18.7,69.9,553.0
"2022-08-23","15:43:51",18.8,69.9,552.0
"2022-08-23","15:43:56",18.8,69.7,553.0
"2022-08-23","15:44:01",18.8,69.7,552.0
"2022-08-23","15:44:06",18.8,69.8,555.0
"2022-08-23","15:44:11",18.8,69.7,555.0
"2022-08-23","15:44:16",18.8,69.8,554.0
"2022-08-23","15:44:21",18.8,69.7,554.0
"2022-08-23","15:44:26",18.8,69.5,553.0
"2022-08-23","15:44:31",18.8,69.4,553.0
"2022-08-23","15:44:36",18.8,69.4,553.0
"2022-08-23","15:44:41",18.8,69.3,553.0
"2022-08-23","15:44:46",18.8,69.3,553.0
"2022-08-23","15:44:51",18.8,69.2,553.0
"2022-08-23","15:44:56",18.8,69.2,554.0
"2022-08-23","15:45:01",18.8,69.1,553.0
"2022-08-23","15:45:06",18.8,69.1,554.0
"2022-08-23","15:45:11",18.9,69.1,553.0
"2022-08-23","15:45:16",18.8,69.1,552.0
"2022-08-23","15:45:21",18.9,69.1,553.0
"2022-08-23","15:45:26",18.8,69.1,553.0
"2022-08-23","15:45:31",18.8,69.1,554.0
"2022-08-23","15:45:36",18.8,69.0,552.0
"2022-08-23","15:45:41",18.8,69.0,552.0
"2022-08-23","15:45:46",18.8,69.0,552.0
"2022-08-23","15:45:51",18.9,68.9,552.0
"2022-08-23","15:45:56",18.8,69.0,552.0
"2022-08-23","15:46:01",18.8,69.0,552.0
"2022-08-23","15:46:06",18.8,69.1,552.0
"2022-08-23","15:46:11",18.8,69.1,553.0
"2022-08-23","15:46:16",18.8,69.0,553.0
"2022-08-23","15:46:21",18.8,69.1,553.0
"2022-08-23","15:46:26",18.8,69.0,553.0
"2022-08-23","15:46:31",18.8,69.0,553.0
"2022-08-23","15:46:36",18.8,69.0,555.0
"2022-08-23","15:46:41",18.8,69.0,555.0
"2022-08-23","15:46:46",18.8,68.9,555.0
"2022-08-23","18:08:02",18.4,70.7,998.0
"2022-08-23","18:08:22",18.4,70.6,1024.0
"2022-08-23","18:08:47",18.5,70.3,288.0
"2022-08-23","18:08:52",18.5,70.5,293.0
"2022-08-23","18:08:57",18.5,70.5,296.0
"2022-08-23","18:09:02",18.6,70.4,300.0
"2022-08-23","18:09:08",18.5,70.1,307.0
"2022-08-23","18:09:13",18.6,70.0,315.0
"2022-08-23","18:09:18",18.6,69.9,322.0
"2022-08-23","18:09:23",18.6,69.9,336.0
"2022-08-23","18:09:28",18.6,70.7,353.0
"2022-08-23","18:09:33",18.6,70.7,377.0
"2022-08-23","18:09:38",18.6,70.4,404.0
"2022-08-23","18:09:43",18.6,70.1,434.0
"2022-08-23","18:09:48",18.7,69.9,451.0
"2022-08-23","18:09:53",18.7,69.8,463.0
"2022-08-23","18:09:58",18.7,69.7,471.0
"2022-08-23","18:10:03",18.7,69.6,477.0
"2022-08-23","18:10:08",18.7,69.6,481.0
"2022-08-23","18:10:13",18.7,69.5,485.0
"2022-08-23","18:10:18",18.7,69.5,488.0
"2022-08-23","18:10:23",18.7,69.4,490.0
"2022-08-23","18:10:28",18.7,69.3,494.0
"2022-08-23","18:10:33",18.7,69.2,495.0
"2022-08-23","18:10:38",18.7,69.2,497.0
"2022-08-23","18:10:43",18.7,69.3,498.0
"2022-08-23","18:10:48",18.6,69.3,500.0
"2022-08-23","18:10:53",18.6,69.3,502.0
"2022-08-23","18:10:58",18.6,69.2,504.0
"2022-08-23","18:11:03",18.6,69.2,505.0
"2022-08-23","18:11:08",18.6,69.2,505.0
"2022-08-23","18:11:13",18.6,69.3,506.0
"2022-08-23","18:11:18",18.6,69.4,507.0
"2022-08-23","18:11:23",18.6,69.5,507.0
"2022-08-23","18:11:28",18.6,69.7,507.0
"2022-08-23","18:11:33",18.6,69.7,508.0
"2022-08-23","18:11:38",18.6,69.7,508.0
"2022-08-23","18:11:43",18.6,69.7,508.0
"2022-08-23","18:11:48",18.6,69.6,508.0
"2022-08-23","18:11:53",18.6,69.5,509.0
"2022-08-23","18:11:58",18.6,69.4,509.0
"2022-08-23","18:12:03",18.6,69.4,509.0
"2022-08-23","18:12:08",18.6,69.3,509.0
"2022-08-23","18:12:13",18.6,69.3,510.0
"2022-08-23","18:12:18",18.5,69.3,512.0
"2022-08-23","18:12:23",18.5,69.3,512.0
"2022-08-23","18:12:28",18.6,69.3,512.0
"2022-08-23","18:12:33",18.5,69.5,513.0
"2022-08-23","18:12:38",18.5,69.5,513.0
"2022-08-23","18:12:43",18.5,69.5,513.0
"2022-08-23","18:12:48",18.5,69.5,513.0
"2022-08-23","18:12:53",18.5,69.5,513.0
"2022-08-23","18:12:58",18.5,69.6,514.0
"2022-08-23","18:13:03",18.5,69.6,514.0
"2022-08-23","18:13:08",18.5,69.6,514.0
"2022-08-23","18:13:13",18.5,69.6,514.0
"2022-08-23","18:13:18",18.5,69.7,513.0
"2022-08-23","18:13:23",18.5,69.6,514.0
"2022-08-23","18:13:28",18.5,69.7,514.0
"2022-08-23","18:13:33",18.5,69.8,513.0
"2022-08-23","18:13:38",18.5,69.8,513.0
"2022-08-23","18:13:43",18.5,69.9,513.0
"2022-08-23","18:13:48",18.5,70.0,513.0
"2022-08-23","18:13:53",18.5,70.2,513.0
"2022-08-23","18:13:58",18.5,70.0,513.0
"2022-08-23","18:14:03",18.5,69.9,513.0
"2022-08-23","18:14:08",18.5,69.9,513.0
"2022-08-23","18:14:13",18.5,69.8,512.0
"2022-08-23","18:14:18",18.5,69.8,512.0
"2022-08-23","18:14:23",18.5,69.8,512.0
"2022-08-23","18:14:28",18.5,69.8,511.0
"2022-08-23","18:14:33",18.5,69.7,509.0
"2022-08-23","18:14:38",18.5,69.5,509.0
"2022-08-23","18:14:43",18.5,69.5,509.0
"2022-08-23","18:14:48",18.5,69.5,509.0
"2022-08-23","18:14:53",18.5,69.4,508.0
"2022-08-23","18:14:58",18.5,69.4,508.0
"2022-08-23","18:15:03",18.5,69.5,508.0
"2022-08-23","18:15:08",18.5,69.5,508.0
"2022-08-23","18:15:13",18.4,69.4,507.0
"2022-08-23","18:15:19",18.5,69.5,508.0
"2022-08-23","18:15:24",18.4,69.5,508.0
"2022-08-23","18:15:29",18.4,69.7,508.0
"2022-08-23","18:15:34",18.4,69.7,508.0
"2022-08-23","18:15:39",18.4,69.7,508.0
"2022-08-23","18:15:44",18.4,69.7,508.0
"2022-08-23","18:15:49",18.4,69.7,508.0
"2022-08-23","18:15:54",18.4,69.7,508.0
"2022-08-23","18:15:59",18.4,69.8,507.0
"2022-08-23","18:16:04",18.4,69.8,507.0
"2022-08-23","18:16:09",18.4,69.8,508.0
"2022-08-23","18:16:14",18.4,69.8,507.0
"2022-08-23","18:16:19",18.4,69.9,507.0
"2022-08-23","18:16:24",18.4,70.1,507.0
"2022-08-23","18:16:29",18.4,70.1,507.0
"2022-08-23","18:16:34",18.4,70.0,508.0
"2022-08-23","18:16:39",18.4,70.0,507.0
"2022-08-23","18:16:44",18.4,70.0,508.0
"2022-08-23","18:16:49",18.4,70.0,508.0
"2022-08-23","18:16:54",18.4,70.0,507.0
"2022-08-23","18:16:59",18.4,70.0,507.0
"2022-08-23","18:17:04",18.4,70.0,508.0
"2022-08-23","18:17:09",18.4,70.0,508.0
"2022-08-23","18:17:14",18.4,70.0,508.0
"2022-08-23","18:17:19",18.4,69.9,508.0
"2022-08-23","18:17:24",18.4,69.9,508.0
"2022-08-23","18:17:29",18.4,70.0,508.0
"2022-08-23","18:17:34",18.4,70.1,508.0
"2022-08-23","18:17:39",18.4,70.1,508.0
"2022-08-23","18:17:44",18.4,70.3,508.0
"2022-08-23","18:17:49",18.4,70.4,508.0
"2022-08-23","18:17:54",18.4,70.3,508.0
"2022-08-23","18:17:59",18.4,70.2,508.0
"2022-08-23","18:18:04",18.4,70.1,508.0
"2022-08-23","18:18:09",18.4,70.0,508.0
"2022-08-23","18:18:14",18.4,70.0,508.0
"2022-08-23","18:18:19",18.4,70.0,508.0
"2022-08-23","18:18:24",18.4,70.2,508.0
"2022-08-23","18:18:29",18.4,70.2,509.0
"2022-08-23","18:18:34",18.4,70.2,509.0
"2022-08-23","18:18:39",18.4,70.1,509.0
"2022-08-23","18:18:44",18.4,70.1,509.0
"2022-08-23","18:18:49",18.4,70.0,509.0
"2022-08-23","18:18:54",18.4,69.9,509.0
"2022-08-23","18:18:59",18.4,70.0,509.0
"2022-08-23","18:19:04",18.4,69.9,509.0
"2022-08-23","18:19:09",18.4,69.9,509.0
"2022-08-23","18:19:14",18.4,69.8,509.0
"2022-08-23","18:19:19",18.4,69.8,509.0
"2022-08-23","18:19:24",18.4,69.8,509.0
"2022-08-23","18:19:29",18.4,69.8,509.0
"2022-08-23","18:19:34",18.4,69.8,509.0
"2022-08-23","18:19:39",18.4,69.9,510.0
"2022-08-23","18:19:44",18.4,70.0,509.0
"2022-08-23","18:19:49",18.4,69.9,509.0
"2022-08-23","18:19:54",18.4,69.9,509.0
"2022-08-23","18:19:59",18.4,69.9,509.0
"2022-08-23","18:20:04",18.4,69.9,509.0
"2022-08-23","18:20:09",18.4,70.0,509.0
"2022-08-23","18:20:14",18.4,70.0,509.0
"2022-08-23","18:20:19",18.4,70.1,509.0
"2022-08-23","18:20:24",18.4,70.3,509.0
"2022-08-23","18:20:29",18.4,70.3,509.0
"2022-08-23","18:20:34",18.4,70.2,509.0
"2022-08-23","18:20:39",18.4,70.1,509.0
"2022-08-23","18:20:44",18.4,70.0,509.0
"2022-08-23","18:20:49",18.4,70.0,509.0
"2022-08-23","18:20:54",18.4,70.2,509.0
"2022-08-23","18:20:59",18.4,70.2,508.0
"2022-08-23","18:21:04",18.4,70.1,509.0
"2022-08-23","18:21:09",18.4,70.2,509.0
"2022-08-23","18:21:14",18.4,70.1,509.0
"2022-08-23","18:21:19",18.4,70.2,509.0
"2022-08-23","18:21:24",18.4,70.1,508.0
"2022-08-23","18:21:29",18.4,70.2,509.0
"2022-08-23","18:21:34",18.4,70.2,509.0
"2022-08-23","18:21:39",18.4,70.3,508.0
"2022-08-23","18:21:45",18.4,70.2,509.0
"2022-08-23","18:21:50",18.4,70.4,509.0
"2022-08-23","18:21:55",18.4,70.4,509.0
"2022-08-23","18:22:00",18.4,70.2,509.0
"2022-08-23","18:22:05",18.4,70.0,509.0
"2022-08-23","18:22:10",18.4,70.0,507.0
"2022-08-23","18:22:15",18.4,69.9,509.0
"2022-08-23","18:22:20",18.4,69.9,509.0
"2022-08-23","18:22:25",18.4,69.9,509.0
"2022-08-23","18:22:30",18.4,69.9,509.0
"2022-08-23","18:22:35",18.4,70.0,509.0
"2022-08-23","18:22:40",18.4,70.0,511.0
"2022-08-23","18:22:45",18.4,70.0,509.0
"2022-08-23","18:22:50",18.3,70.0,512.0
"2022-08-23","18:22:55",18.3,70.0,512.0
"2022-08-23","18:23:00",18.3,69.9,512.0
"2022-08-23","18:23:05",18.3,69.9,512.0
"2022-08-23","18:23:10",18.3,69.9,512.0
"2022-08-23","18:23:15",18.3,70.0,512.0
"2022-08-23","18:23:20",18.3,70.0,512.0
"2022-08-23","18:23:25",18.3,70.0,513.0
"2022-08-23","18:23:30",18.3,70.0,513.0
"2022-08-23","18:23:35",18.3,70.0,513.0
"2022-08-23","18:23:40",18.3,70.1,513.0
"2022-08-23","18:23:45",18.3,70.1,513.0
"2022-08-23","18:23:50",18.3,70.1,513.0
"2022-08-23","18:23:55",18.3,70.0,514.0
"2022-08-23","18:24:00",18.3,70.1,514.0
"2022-08-23","18:24:05",18.3,70.1,514.0
"2022-08-23","18:24:10",18.3,70.2,514.0
"2022-08-23","18:24:15",18.3,70.2,514.0
"2022-08-23","18:24:20",18.2,70.2,516.0
"2022-08-23","18:24:25",18.2,70.2,516.0
"2022-08-23","18:24:30",18.3,70.2,516.0
"2022-08-23","18:24:35",18.2,70.2,516.0
"2022-08-23","18:24:40",18.2,70.2,517.0
"2022-08-23","18:24:45",18.2,70.3,517.0
"2022-08-23","18:24:50",18.2,70.3,517.0
"2022-08-23","18:24:55",18.2,70.4,517.0
"2022-08-23","18:25:00",18.2,70.3,517.0
"2022-08-23","18:25:05",18.2,70.3,517.0
"2022-08-23","18:25:10",18.2,70.3,518.0
"2022-08-23","18:25:15",18.2,70.4,518.0
"2022-08-23","18:25:20",18.2,70.5,518.0
"2022-08-23","18:25:25",18.2,70.5,519.0
"2022-08-23","18:25:30",18.3,70.3,519.0
"2022-08-23","18:25:35",18.3,70.3,519.0
"2022-08-23","18:25:40",18.2,70.3,519.0
"2022-08-23","18:25:45",18.2,70.3,519.0
"2022-08-23","18:25:50",18.2,70.3,519.0
"2022-08-23","18:25:55",18.2,70.5,521.0
"2022-08-23","18:26:00",18.3,70.6,521.0
"2022-08-23","18:26:05",18.3,70.7,521.0
"2022-08-23","18:26:10",18.3,70.6,521.0
"2022-08-23","18:26:15",18.3,70.7,521.0
"2022-08-23","18:26:20",18.3,70.7,519.0
"2022-08-23","18:26:25",18.3,70.6,520.0
"2022-08-23","18:26:30",18.3,70.6,521.0
"2022-08-23","18:26:35",18.3,70.6,521.0
"2022-08-23","18:26:40",18.3,70.5,521.0
"2022-08-23","18:26:45",18.3,70.4,518.0
"2022-08-23","18:26:50",18.3,70.3,519.0
"2022-08-23","18:26:55",18.3,70.3,519.0
"2022-08-23","18:27:00",18.3,70.2,520.0
"2022-08-23","18:27:05",18.3,70.2,518.0
"2022-08-23","18:27:10",18.3,70.3,519.0
"2022-08-23","18:27:15",18.3,70.2,521.0
"2022-08-23","18:27:20",18.3,70.2,518.0
"2022-08-23","18:27:25",18.3,70.2,521.0
"2022-08-23","18:27:30",18.3,70.2,521.0
"2022-08-23","18:27:35",18.3,70.2,521.0
"2022-08-23","18:27:40",18.3,70.1,521.0
"2022-08-23","18:27:45",18.3,70.1,521.0
"2022-08-23","18:27:50",18.3,70.1,522.0
"2022-08-23","18:27:55",18.3,70.2,522.0
"2022-08-23","18:28:01",18.3,70.2,522.0
"2022-08-23","18:28:06",18.3,70.2,522.0
"2022-08-23","18:28:11",18.3,70.2,522.0
"2022-08-23","18:28:16",18.3,70.2,522.0
"2022-08-23","18:28:21",18.3,70.3,522.0
"2022-08-23","18:28:26",18.3,70.3,522.0
"2022-08-23","18:28:31",18.3,70.3,523.0
"2022-08-23","18:28:36",18.3,70.3,521.0
"2022-08-23","18:28:41",18.3,70.3,523.0
"2022-08-23","18:28:46",18.4,70.2,523.0
"2022-08-23","18:28:51",18.3,70.2,522.0
"2022-08-23","18:28:56",18.3,70.2,523.0
"2022-08-23","18:29:01",18.3,70.2,523.0
"2022-08-23","18:29:06",18.3,70.2,523.0
"2022-08-23","18:29:11",18.3,70.2,523.0
"2022-08-23","18:29:16",18.3,70.1,522.0
"2022-08-23","18:29:21",18.3,70.1,523.0
"2022-08-23","18:29:26",18.3,70.0,523.0
"2022-08-23","18:29:31",18.3,69.9,523.0
"2022-08-23","18:29:36",18.3,69.9,523.0
"2022-08-23","18:29:41",18.3,70.0,522.0
"2022-08-23","18:29:46",18.3,70.0,524.0
"2022-08-23","18:29:51",18.3,70.0,524.0
"2022-08-23","18:29:56",18.3,70.0,525.0
"2022-08-23","18:30:01",18.3,70.1,525.0
"2022-08-23","18:30:06",18.3,70.2,525.0
"2022-08-23","18:30:11",18.3,70.3,526.0
"2022-08-23","18:30:16",18.3,70.3,526.0
"2022-08-23","18:30:21",18.3,70.3,526.0
"2022-08-23","18:30:26",18.3,70.3,525.0
"2022-08-23","18:30:31",18.3,70.2,526.0
"2022-08-23","18:30:36",18.3,70.2,526.0
"2022-08-23","18:30:41",18.3,70.2,528.0
"2022-08-23","18:30:46",18.3,70.1,526.0
"2022-08-23","18:30:51",18.3,70.1,528.0
"2022-08-23","18:30:56",18.3,70.1,528.0
"2022-08-23","18:31:01",18.3,70.1,529.0
"2022-08-23","18:31:06",18.3,70.1,528.0
"2022-08-23","18:31:11",18.3,70.1,529.0
"2022-08-23","18:31:16",18.3,70.2,529.0
"2022-08-23","18:31:21",18.3,70.1,526.0
"2022-08-23","18:31:26",18.3,70.1,529.0
"2022-08-23","18:31:31",18.3,70.1,529.0
"2022-08-23","18:31:36",18.3,70.1,529.0
"2022-08-23","18:31:41",18.3,70.2,529.0
"2022-08-23","18:31:46",18.3,70.2,529.0
"2022-08-23","18:31:51",18.3,70.1,529.0
"2022-08-23","18:31:56",18.3,70.2,531.0
"2022-08-23","18:32:01",18.3,70.2,531.0
"2022-08-23","18:32:06",18.3,70.3,531.0
"2022-08-23","18:32:11",18.3,70.2,531.0
"2022-08-23","18:32:16",18.3,70.2,531.0
"2022-08-23","18:32:21",18.3,70.2,528.0
"2022-08-23","18:32:26",18.3,70.2,531.0
"2022-08-23","18:32:31",18.3,70.5,532.0
"2022-08-23","18:32:36",18.3,70.5,529.0
"2022-08-23","18:32:41",18.3,70.4,532.0
"2022-08-23","18:32:46",18.3,70.4,532.0
"2022-08-23","18:32:51",18.3,70.4,531.0
"2022-08-23","18:32:56",18.3,70.4,532.0
"2022-08-23","18:33:01",18.3,70.4,532.0
"2022-08-23","18:33:06",18.3,70.3,532.0
"2022-08-23","18:33:11",18.3,70.3,532.0
"2022-08-23","18:33:16",18.3,70.2,533.0
"2022-08-23","18:33:21",18.3,70.2,533.0
"2022-08-23","18:33:26",18.3,70.1,533.0
"2022-08-23","18:33:31",18.3,70.0,533.0
"2022-08-23","18:33:36",18.3,70.1,533.0
"2022-08-23","18:33:41",18.3,70.1,533.0
"2022-08-23","18:33:46",18.3,70.1,533.0
"2022-08-23","18:33:51",18.3,70.0,533.0
"2022-08-23","18:33:56",18.3,70.1,533.0
"2022-08-23","18:34:01",18.3,70.1,533.0
"2022-08-23","18:34:06",18.3,70.1,534.0
"2022-08-23","18:34:11",18.3,70.2,534.0
"2022-08-23","18:34:17",18.3,70.2,535.0
"2022-08-23","18:34:22",18.3,70.3,534.0
"2022-08-23","18:34:27",18.3,70.4,535.0
"2022-08-23","18:34:32",18.3,70.5,535.0
"2022-08-23","18:34:37",18.3,70.5,535.0
"2022-08-23","18:34:42",18.4,70.3,535.0
"2022-08-23","18:34:47",18.4,70.3,533.0
"2022-08-23","18:34:52",18.4,70.3,534.0
"2022-08-23","18:34:57",18.4,70.2,532.0
"2022-08-23","18:35:02",18.4,70.2,535.0
"2022-08-23","18:35:07",18.4,70.1,535.0
"2022-08-23","18:35:12",18.4,70.1,535.0
"2022-08-23","18:35:17",18.4,70.1,535.0
"2022-08-23","18:35:22",18.4,70.1,535.0
"2022-08-23","18:35:27",18.4,70.1,535.0
"2022-08-23","18:35:32",18.4,70.0,535.0
"2022-08-23","18:35:37",18.4,70.0,535.0
"2022-08-23","18:35:42",18.3,70.0,535.0
"2022-08-23","18:35:47",18.3,70.0,535.0
"2022-08-23","18:35:52",18.3,70.0,535.0
"2022-08-23","18:35:57",18.3,70.0,536.0
"2022-08-23","18:36:02",18.3,70.1,536.0
"2022-08-23","18:36:07",18.3,70.1,537.0
"2022-08-23","18:36:12",18.3,70.1,537.0
"2022-08-23","18:36:17",18.3,70.1,537.0
"2022-08-23","18:36:22",18.3,70.2,537.0
"2022-08-23","18:36:27",18.3,70.2,537.0
"2022-08-23","18:36:32",18.3,70.1,538.0
"2022-08-23","18:36:37",18.3,70.1,537.0
"2022-08-23","18:36:42",18.3,70.1,536.0
"2022-08-23","18:36:47",18.3,70.1,537.0
"2022-08-23","18:36:52",18.3,70.2,538.0
"2022-08-23","18:36:57",18.3,70.2,538.0
"2022-08-23","18:37:02",18.3,70.2,538.0
"2022-08-23","18:37:07",18.3,70.3,538.0
"2022-08-23","18:37:12",18.3,70.3,538.0
"2022-08-23","18:37:17",18.3,70.3,538.0
"2022-08-23","18:37:22",18.3,70.4,540.0
"2022-08-23","18:37:27",18.3,70.3,541.0
"2022-08-23","18:37:32",18.3,70.4,541.0
"2022-08-23","18:37:37",18.3,70.3,541.0
"2022-08-23","18:37:42",18.3,70.3,541.0
"2022-08-23","18:37:47",18.3,70.3,541.0
"2022-08-23","18:37:52",18.3,70.4,537.0
"2022-08-23","18:37:57",18.3,70.5,542.0
"2022-08-23","18:38:02",18.3,70.4,541.0
"2022-08-23","18:38:07",18.3,70.4,542.0
"2022-08-23","18:38:12",18.3,70.3,542.0
"2022-08-23","18:38:17",18.3,70.4,541.0
"2022-08-23","18:38:22",18.3,70.3,536.0
"2022-08-23","18:38:27",18.3,70.3,542.0
"2022-08-23","18:38:32",18.3,70.2,542.0
"2022-08-23","18:38:37",18.3,70.2,542.0
"2022-08-23","18:38:42",18.3,70.3,542.0
"2022-08-23","18:38:47",18.3,70.3,541.0
"2022-08-23","18:38:52",18.3,70.2,538.0
"2022-08-23","22:08:08",18.2,72.9,972.0
"2022-08-23","22:08:28",18.2,72.8,302.0
"2022-08-23","22:08:33",18.2,72.5,309.0
"2022-08-23","22:08:38",18.2,72.5,316.0
"2022-08-23","22:08:43",18.3,72.7,320.0
"2022-08-23","22:08:48",18.3,72.5,322.0
"2022-08-23","22:08:53",18.3,72.2,328.0
"2022-08-23","22:08:58",18.3,72.1,334.0
"2022-08-23","22:09:03",18.3,72.5,340.0
"2022-08-23","22:09:08",18.3,72.8,349.0
"2022-08-23","22:09:13",18.3,72.9,358.0
"2022-08-23","22:09:18",18.3,72.9,369.0
"2022-08-23","22:09:23",18.3,72.8,384.0
"2022-08-23","22:09:28",18.3,72.9,402.0
"2022-08-23","22:09:33",18.3,72.9,423.0
"2022-08-23","22:09:38",18.3,73.0,442.0
"2022-08-23","22:09:44",18.3,73.1,461.0
"2022-08-23","22:09:48",18.3,73.1,474.0
"2022-08-23","22:09:54",18.3,72.9,484.0
"2022-08-23","22:09:59",18.3,72.7,490.0
"2022-08-23","22:10:04",18.3,72.5,496.0
"2022-08-23","22:10:09",18.3,72.3,500.0
"2022-08-23","22:10:14",18.3,72.4,505.0
"2022-08-23","22:10:19",18.3,72.4,507.0
"2022-08-23","22:10:24",18.3,72.4,509.0
"2022-08-23","22:10:29",18.3,72.3,513.0
"2022-08-23","22:10:34",18.3,72.7,514.0
"2022-08-23","22:10:39",18.3,72.7,516.0
"2022-08-23","22:10:44",18.3,72.7,517.0
"2022-08-23","22:10:49",18.3,72.5,518.0
"2022-08-23","22:10:54",18.3,72.4,519.0
"2022-08-23","22:10:59",18.3,72.6,521.0
"2022-08-23","22:11:04",18.3,72.5,521.0
"2022-08-23","22:11:09",18.3,72.5,522.0
"2022-08-23","22:11:14",18.3,72.5,522.0
"2022-08-23","22:11:19",18.4,72.5,523.0
"2022-08-23","22:11:24",18.3,72.5,523.0
"2022-08-23","22:11:29",18.4,72.5,523.0
"2022-08-23","22:11:34",18.3,72.5,523.0
"2022-08-23","22:11:39",18.4,72.6,523.0
"2022-08-23","22:11:44",18.4,72.5,523.0
"2022-08-23","22:11:49",18.3,72.3,523.0
"2022-08-23","22:11:54",18.4,72.4,523.0
"2022-08-23","22:11:59",18.4,72.5,523.0
"2022-08-23","22:12:04",18.4,72.5,523.0
"2022-08-23","22:12:09",18.4,72.5,523.0
"2022-08-23","22:12:14",18.4,72.5,523.0
"2022-08-23","22:12:19",18.4,72.6,522.0
"2022-08-23","22:12:24",18.4,72.6,522.0
"2022-08-23","22:12:29",18.4,72.4,522.0
"2022-08-23","22:12:34",18.4,72.4,521.0
"2022-08-23","22:12:39",18.4,72.5,522.0
"2022-08-23","22:12:44",18.4,72.5,522.0
"2022-08-23","22:12:49",18.4,72.5,522.0
"2022-08-23","22:12:54",18.4,72.5,522.0
"2022-08-23","22:12:59",18.4,72.5,522.0
"2022-08-23","22:13:04",18.4,72.6,521.0
"2022-08-23","22:13:09",18.4,72.4,521.0
"2022-08-23","22:13:14",18.4,72.3,521.0
"2022-08-23","22:13:19",18.4,72.4,521.0
"2022-08-23","22:13:24",18.4,72.5,521.0
"2022-08-23","22:13:29",18.4,72.5,521.0
"2022-08-23","22:13:34",18.4,72.5,521.0
"2022-08-23","22:13:39",18.4,72.3,521.0
"2022-08-23","22:13:44",18.4,72.3,521.0
"2022-08-23","22:13:49",18.4,72.3,521.0
"2022-08-23","22:13:54",18.4,72.3,519.0
"2022-08-23","22:13:59",18.4,72.2,520.0
"2022-08-23","22:14:04",18.4,72.3,520.0
"2022-08-23","22:14:09",18.4,72.4,519.0
"2022-08-23","22:14:14",18.4,72.4,519.0
"2022-08-23","22:14:19",18.4,72.5,519.0
"2022-08-23","22:14:24",18.3,72.6,519.0
"2022-08-23","22:14:29",18.4,72.6,519.0
"2022-08-23","22:14:34",18.3,72.6,519.0
"2022-08-23","22:14:39",18.3,72.5,519.0
"2022-08-23","22:14:44",18.4,72.5,519.0
"2022-08-23","22:20:20",18.3,72.7,533.0
"2022-08-23","22:20:30",18.4,72.1,534.0
"2022-08-23","22:20:35",18.4,72.0,528.0
"2022-08-23","22:20:40",18.4,71.7,528.0
"2022-08-23","22:20:45",18.4,71.6,525.0
"2022-08-23","22:20:50",18.4,71.5,523.0
"2022-08-23","22:20:55",18.4,71.6,518.0
"2022-08-23","22:21:00",18.4,72.0,521.0
"2022-08-23","22:21:05",18.4,71.9,513.0
"2022-08-23","22:21:53",18.4,72.2,878.0
"2022-08-23","22:22:13",18.5,72.0,992.0
"2022-08-23","22:22:38",18.5,71.0,233.0
"2022-08-23","22:22:43",18.5,71.1,261.0
"2022-08-23","22:22:48",18.5,71.2,288.0
"2022-08-23","22:22:53",18.5,71.2,298.0
"2022-08-23","22:22:58",18.5,71.2,303.0
"2022-08-23","22:23:03",18.5,71.2,306.0
"2022-08-23","22:23:08",18.5,71.0,308.0
"2022-08-23","22:23:13",18.5,71.2,310.0
"2022-08-23","22:23:18",18.5,71.2,312.0
"2022-08-23","22:23:23",18.5,71.4,315.0
"2022-08-23","22:23:28",18.5,71.4,313.0
"2022-08-23","22:23:33",18.5,71.7,313.0
"2022-08-23","22:23:38",18.5,72.1,315.0
"2022-08-23","22:23:43",18.5,71.9,313.0
"2022-08-23","22:23:48",18.5,71.9,315.0
"2022-08-23","22:23:53",18.5,71.9,315.0
"2022-08-23","22:23:58",18.5,72.0,312.0
"2022-08-23","22:24:03",18.5,71.9,307.0
"2022-08-23","22:24:08",18.5,71.9,306.0
"2022-08-23","22:24:13",18.5,72.0,303.0
"2022-08-23","22:24:18",18.5,71.9,303.0
"2022-08-23","22:24:23",18.5,71.9,300.0
"2022-08-23","22:24:28",18.5,71.9,301.0
"2022-08-23","22:24:33",18.5,71.9,302.0
"2022-08-23","22:24:38",18.5,71.9,302.0
"2022-08-23","22:24:43",18.4,71.9,301.0
"2022-08-23","22:24:48",18.5,71.9,302.0
"2022-08-23","22:24:53",18.4,71.8,302.0
"2022-08-23","22:24:58",18.4,72.0,302.0
"2022-08-23","22:25:04",18.4,72.0,303.0
"2022-08-23","22:25:09",18.4,71.9,303.0
"2022-08-23","22:25:14",18.4,71.9,303.0
"2022-08-23","22:25:19",18.4,71.9,302.0
"2022-08-23","22:25:24",18.4,72.0,302.0
"2022-08-23","22:25:29",18.4,72.4,303.0
"2022-08-23","22:25:34",18.4,75.8,303.0
"2022-08-23","22:25:39",18.5,76.2,303.0
"2022-08-23","22:25:44",18.5,75.2,303.0
"2022-08-23","22:25:49",18.5,74.8,303.0
"2022-08-23","22:25:54",18.5,73.9,303.0
"2022-08-23","22:25:59",18.5,73.3,303.0
"2022-08-23","22:26:04",18.5,72.9,303.0
"2022-08-23","22:26:09",18.5,72.5,303.0
"2022-08-23","22:26:14",18.6,72.3,303.0
"2022-08-23","22:26:19",18.5,72.1,305.0
"2022-08-23","22:26:24",18.5,71.8,304.0
"2022-08-23","22:26:29",18.5,71.7,306.0
"2022-08-23","22:26:34",18.5,71.6,304.0
"2022-08-23","22:26:39",18.5,71.5,303.0
"2022-08-23","22:26:44",18.5,71.4,305.0
"2022-08-23","22:26:49",18.5,71.4,305.0
"2022-08-23","22:26:54",18.5,71.4,306.0
"2022-08-23","22:26:59",18.5,71.5,306.0
"2022-08-23","22:27:04",18.5,71.5,305.0
"2022-08-23","22:27:09",18.6,71.6,303.0
"2022-08-23","22:27:14",18.5,71.6,306.0
"2022-08-23","22:27:19",18.5,71.4,306.0
"2022-08-23","22:27:24",18.5,71.4,305.0
"2022-08-23","22:27:29",18.5,71.6,304.0
"2022-08-23","22:27:34",18.5,71.7,306.0
"2022-08-23","22:27:39",18.5,71.9,306.0
"2022-08-23","22:27:44",18.5,71.7,306.0
"2022-08-23","22:27:49",18.5,71.8,306.0
"2022-08-23","22:27:54",18.5,71.9,306.0
"2022-08-23","22:27:59",18.5,71.9,306.0
"2022-08-23","22:28:04",18.5,71.9,307.0
"2022-08-23","22:28:09",18.5,72.0,307.0
"2022-08-23","22:28:14",18.5,72.0,307.0
"2022-08-23","22:28:19",18.5,71.8,307.0
"2022-08-23","22:28:24",18.5,71.6,307.0
"2022-08-23","22:28:29",18.5,71.6,307.0
"2022-08-23","22:28:34",18.5,71.6,307.0
"2022-08-23","22:28:39",18.5,71.8,306.0
"2022-08-23","22:28:44",18.5,71.9,307.0
"2022-08-23","22:28:49",18.5,71.8,306.0
"2022-08-27","21:56:36",18.5,72.0,805.0
"2022-08-27","21:56:56",18.5,72.0,992.0
"2022-08-27","21:57:21",18.5,72.1,350.0
"2022-08-27","21:57:26",18.5,72.0,357.0
"2022-08-27","21:57:31",18.5,72.0,361.0
"2022-08-27","21:57:36",18.5,71.9,364.0
"2022-08-27","21:57:41",18.6,72.0,374.0
"2022-08-27","21:57:46",18.6,72.9,379.0
"2022-08-27","21:57:51",18.6,73.2,384.0
"2022-08-27","21:57:56",18.6,72.9,387.0
"2022-08-27","21:58:01",18.6,72.7,388.0
"2022-08-27","21:58:06",18.6,72.4,393.0
"2022-08-27","21:58:11",18.6,72.1,396.0
"2022-08-27","21:58:16",18.6,72.0,399.0
"2022-08-27","21:58:21",18.6,71.9,402.0
"2022-08-27","21:58:26",18.6,71.8,403.0
"2022-08-27","21:58:31",18.6,71.8,408.0
"2022-08-27","21:58:36",18.6,71.8,411.0
"2022-08-27","21:58:41",18.7,71.7,416.0
"2022-08-27","21:58:46",18.6,71.7,417.0
"2022-08-27","21:58:51",18.6,71.7,425.0
"2022-08-27","21:58:56",18.6,71.7,426.0
"2022-08-27","21:59:01",18.6,71.7,435.0
"2022-08-27","21:59:06",18.6,71.6,438.0
"2022-08-27","21:59:11",18.6,71.6,439.0
"2022-08-27","21:59:16",18.6,71.6,446.0
"2022-08-27","21:59:21",18.6,71.6,450.0
"2022-08-27","21:59:26",18.6,71.6,454.0
"2022-08-27","21:59:31",18.6,71.6,466.0
"2022-08-27","21:59:36",18.6,71.6,469.0
"2022-08-27","21:59:41",18.6,71.6,475.0
"2022-08-27","21:59:47",18.6,71.6,480.0
"2022-08-27","21:59:52",18.6,71.6,484.0
"2022-08-27","21:59:57",18.6,71.6,489.0
"2022-08-27","22:00:02",18.6,71.5,494.0
"2022-08-27","22:00:07",18.6,71.5,496.0
"2022-08-27","22:00:12",18.6,71.5,495.0
"2022-08-27","22:00:17",18.6,71.6,497.0
"2022-08-27","22:00:22",18.6,71.6,502.0
"2022-08-27","22:00:27",18.6,71.6,504.0
"2022-08-27","22:00:32",18.6,71.6,504.0
"2022-08-27","22:00:37",18.6,71.6,496.0
"2022-08-27","22:00:42",18.6,71.6,507.0
"2022-08-27","22:00:47",18.6,71.6,507.0
"2022-08-27","22:00:52",18.6,71.5,508.0
"2022-08-27","22:00:57",18.6,71.5,508.0
"2022-08-27","22:01:02",18.6,71.6,509.0
"2022-08-27","22:01:07",18.6,71.6,509.0
"2022-08-27","22:01:12",18.6,71.6,509.0
"2022-08-27","22:01:17",18.6,71.6,509.0
"2022-08-27","22:01:22",18.6,71.6,512.0
"2022-08-27","22:01:27",18.6,71.6,512.0
"2022-08-27","22:01:32",18.6,71.6,512.0
"2022-08-27","22:01:37",18.6,71.6,510.0
"2022-08-27","22:01:42",18.6,71.6,512.0
"2022-08-27","22:01:47",18.6,71.6,513.0
"2022-08-27","22:01:52",18.6,71.6,513.0
"2022-08-27","22:01:57",18.6,71.6,513.0
"2022-08-27","22:02:02",18.6,71.6,514.0
"2022-08-27","22:02:07",18.6,71.6,516.0
"2022-08-27","22:02:12",18.7,71.5,517.0
"2022-08-27","22:02:17",18.6,71.6,517.0
"2022-08-27","22:02:22",18.6,71.6,514.0
"2022-08-27","22:02:27",18.6,71.6,517.0
"2022-08-27","22:02:32",18.6,71.6,518.0
"2022-08-27","22:02:37",18.6,71.6,517.0
"2022-08-27","22:02:42",18.6,71.6,518.0
"2022-08-27","22:02:47",18.6,71.5,518.0
"2022-08-27","22:02:52",18.7,71.5,518.0
"2022-08-27","22:02:57",18.6,71.6,518.0
"2022-08-27","22:03:02",18.6,71.5,518.0
"2022-08-27","22:03:07",18.6,71.5,519.0
"2022-08-27","22:03:12",18.6,71.6,519.0
"2022-08-27","22:03:17",18.6,71.6,519.0
"2022-08-27","22:03:22",18.6,71.6,521.0
"2022-08-27","22:03:27",18.6,71.6,521.0
"2022-08-27","22:03:32",18.6,71.6,521.0
"2022-08-27","22:03:37",18.6,71.6,519.0
"2022-08-27","22:03:42",18.6,71.5,521.0
"2022-08-27","22:03:47",18.6,71.6,519.0
"2022-08-27","22:03:52",18.6,71.6,519.0
"2022-08-27","22:03:57",18.6,71.6,523.0
"2022-08-27","22:04:02",18.6,71.6,518.0
"2022-08-27","22:04:07",18.7,71.6,521.0
"2022-08-27","22:04:12",18.6,71.6,525.0
"2022-08-27","22:04:17",18.6,71.6,522.0
"2022-08-27","22:04:22",18.6,71.6,525.0
"2022-08-27","22:04:27",18.6,71.6,525.0
"2022-08-27","22:04:32",18.6,71.6,528.0
"2022-08-27","22:04:37",18.6,71.6,528.0
"2022-08-27","22:04:42",18.6,71.6,529.0
"2022-08-27","22:04:47",18.6,71.6,529.0
"2022-08-27","22:04:52",18.6,71.6,528.0
"2022-08-27","22:04:57",18.6,71.6,529.0
"2022-08-27","22:05:02",18.6,71.6,529.0
"2022-08-27","22:05:07",18.6,71.7,525.0
"2022-08-27","22:05:12",18.6,71.7,528.0
"2022-08-27","22:05:17",18.6,71.7,529.0
"2022-08-27","22:05:22",18.6,71.7,530.0
"2022-08-27","22:05:27",18.6,71.6,528.0
"2022-08-27","22:05:32",18.6,71.7,530.0
"2022-08-27","22:05:37",18.6,71.6,526.0
"2022-08-27","22:05:42",18.6,71.7,529.0
"2022-08-27","22:05:47",18.7,71.6,528.0
"2022-08-27","22:05:52",18.6,71.7,528.0
"2022-08-27","22:05:57",18.6,71.7,529.0
"2022-08-27","22:06:03",18.6,71.8,531.0
"2022-08-27","22:06:07",18.6,71.8,529.0
"2022-08-27","22:06:13",18.6,71.8,528.0
"2022-08-27","22:06:18",18.6,71.8,528.0
"2022-08-27","22:06:23",18.6,71.8,532.0
"2022-08-27","22:06:28",18.6,71.7,531.0
"2022-08-27","22:06:33",18.6,71.7,532.0
"2022-08-27","22:06:38",18.6,71.6,531.0
"2022-08-27","22:06:43",18.6,71.7,532.0
"2022-08-27","22:06:48",18.6,71.6,532.0
"2022-08-27","22:06:53",18.6,71.7,532.0
"2022-08-27","22:06:58",18.6,71.6,526.0
"2022-08-27","22:07:03",18.6,71.6,529.0
"2022-08-27","22:07:08",18.6,71.6,532.0
"2022-08-27","22:07:13",18.6,71.6,533.0
"2022-08-27","22:07:18",18.6,71.6,531.0
"2022-08-27","22:07:23",18.6,71.6,533.0
"2022-08-27","22:07:28",18.6,71.6,532.0
"2022-08-27","22:07:33",18.6,71.7,533.0
"2022-08-27","22:07:38",18.6,71.7,533.0
"2022-08-27","22:07:43",18.6,71.6,533.0
"2022-08-27","22:07:48",18.6,71.6,530.0
"2022-08-27","22:07:53",18.6,71.6,534.0
"2022-08-27","22:07:58",18.6,71.6,534.0
"2022-08-27","22:08:03",18.6,71.6,534.0
"2022-08-27","22:08:08",18.6,71.6,531.0
"2022-08-27","22:08:13",18.6,71.6,533.0
"2022-08-27","22:08:18",18.6,71.6,533.0
"2022-08-27","22:08:23",18.6,71.7,534.0
"2022-08-27","22:08:28",18.6,71.7,533.0
"2022-08-27","22:08:33",18.6,71.7,534.0
"2022-08-27","22:08:38",18.6,71.7,535.0
"2022-08-27","22:08:43",18.7,71.7,535.0
"2022-08-27","22:08:48",18.6,71.7,535.0
"2022-08-27","22:08:53",18.6,71.7,536.0
"2022-08-27","22:08:58",18.6,71.6,535.0
"2022-08-27","22:09:03",18.6,71.7,535.0
"2022-08-27","22:09:08",18.6,71.6,535.0
"2022-08-27","22:09:13",18.7,71.7,535.0
"2022-08-27","22:09:18",18.6,71.6,529.0
"2022-08-27","22:09:23",18.6,71.7,529.0
"2022-08-27","22:09:28",18.6,71.7,535.0
"2022-08-27","22:09:33",18.6,71.6,535.0
"2022-08-27","22:09:38",18.6,71.6,534.0
"2022-08-27","22:09:43",18.6,71.6,536.0
"2022-08-27","22:09:48",18.6,71.6,535.0
"2022-08-27","22:09:53",18.6,71.6,536.0
"2022-08-27","22:09:58",18.6,71.6,535.0
"2022-08-27","22:10:03",18.6,71.6,538.0
"2022-08-27","22:10:08",18.6,71.6,523.0
"2022-08-27","22:10:13",18.6,71.6,530.0
"2022-08-27","22:10:18",18.6,71.6,533.0
"2022-08-27","22:10:23",18.6,71.6,525.0
"2022-08-27","22:10:28",18.6,71.6,531.0
"2022-08-27","22:10:33",18.6,71.7,537.0
"2022-08-27","22:10:38",18.6,71.7,536.0
"2022-08-27","22:10:43",18.6,71.7,541.0
"2022-08-27","22:10:48",18.6,71.6,533.0
"2022-08-27","22:10:53",18.6,71.7,538.0
"2022-08-27","22:10:58",18.6,71.7,532.0
"2022-08-27","22:11:03",18.6,71.7,532.0
"2022-08-27","22:11:08",18.6,71.7,534.0
"2022-08-27","22:11:13",18.6,71.7,533.0
"2022-08-27","22:11:18",18.6,71.7,534.0
"2022-08-27","22:11:23",18.6,71.7,530.0
"2022-08-27","22:11:28",18.6,71.7,533.0
"2022-08-27","22:11:33",18.5,71.7,541.0
"2022-08-27","22:11:38",18.6,71.7,529.0
"2022-08-27","22:11:43",18.6,71.7,531.0
"2022-08-27","22:11:48",18.6,71.7,532.0
"2022-08-27","22:11:53",18.6,71.8,541.0
"2022-08-27","22:11:58",18.6,71.8,533.0
"2022-08-27","22:12:03",18.5,71.7,533.0
"2022-08-27","22:12:08",18.6,71.7,531.0
"2022-08-27","22:12:13",18.6,71.8,534.0
"2022-08-27","22:12:18",18.6,71.8,541.0
"2022-08-27","22:12:23",18.6,71.8,541.0
"2022-08-27","22:12:29",18.5,71.7,541.0
"2022-08-27","22:12:34",18.5,71.8,541.0
"2022-08-27","22:12:39",18.5,71.7,542.0
"2022-08-27","22:12:44",18.5,71.7,532.0
"2022-08-27","22:12:49",18.5,71.7,541.0
"2022-08-27","22:12:54",18.6,71.7,541.0
"2022-08-27","22:12:59",18.5,71.7,532.0
"2022-08-27","22:13:04",18.5,71.8,541.0
"2022-08-27","22:13:09",18.5,71.8,541.0
"2022-08-27","22:13:14",18.5,71.8,540.0
"2022-08-27","22:13:19",18.5,71.8,536.0
"2022-08-27","22:13:24",18.6,71.8,538.0
"2022-08-27","22:13:29",18.6,71.8,538.0
"2022-08-27","22:13:34",18.6,71.8,538.0
"2022-08-27","22:13:39",18.6,71.8,535.0
"2022-08-27","22:13:44",18.5,71.8,534.0
"2022-08-27","22:13:49",18.5,71.8,537.0
"2022-08-27","22:13:54",18.6,71.8,542.0
"2022-08-27","22:13:59",18.6,71.8,533.0
"2022-08-27","22:14:04",18.5,71.8,529.0
"2022-08-27","22:14:09",18.6,71.7,536.0
"2022-08-27","22:14:14",18.5,71.8,538.0
"2022-08-27","22:14:19",18.6,71.8,531.0
"2022-08-27","22:14:24",18.6,71.8,538.0
"2022-08-27","22:14:29",18.6,71.8,536.0
"2022-08-27","22:14:34",18.6,71.8,536.0
"2022-08-27","22:14:39",18.6,71.8,537.0
"2022-08-27","22:14:44",18.6,71.8,536.0
"2022-08-27","22:14:49",18.5,71.8,536.0
"2022-08-27","22:14:54",18.6,71.7,536.0
"2022-08-27","22:14:59",18.5,71.7,535.0
"2022-08-27","22:15:04",18.5,71.8,536.0
"2022-08-28","22:24:28",18.1,74.8,869.0
"2022-08-28","22:24:48",18.2,73.7,1014.0
"2022-08-28","22:25:28",18.2,73.6,982.0
"2022-08-28","22:37:24",18.1,75.8,813.0
"2022-08-28","22:37:44",18.2,74.1,946.0
"2022-08-28","22:38:09",18.2,73.5,557.0
"2022-08-28","22:38:14",18.3,73.5,580.0
"2022-08-28","22:38:19",18.3,73.4,596.0
"2022-08-28","22:38:24",18.2,73.5,595.0
"2022-08-28","22:38:29",18.2,73.5,606.0
"2022-08-28","22:38:34",18.2,73.5,619.0
"2022-08-28","22:38:39",18.2,73.9,636.0
"2022-08-28","22:38:44",18.2,73.9,641.0
"2022-08-28","22:38:49",18.2,74.2,657.0
"2022-08-28","22:38:54",18.2,74.1,663.0
"2022-08-28","22:39:00",18.2,73.9,667.0
"2022-08-28","22:39:04",18.2,73.7,672.0
"2022-08-28","22:39:09",18.2,73.7,676.0
"2022-08-28","22:39:14",18.2,73.9,675.0
"2022-08-28","22:39:20",18.2,73.8,674.0
"2022-08-28","22:39:25",18.2,73.8,674.0
"2022-08-28","22:39:30",18.2,73.8,672.0
"2022-08-28","22:39:35",18.2,73.8,668.0
"2022-08-28","22:39:40",18.2,73.6,654.0
"2022-08-28","22:39:45",18.2,73.7,667.0
"2022-08-28","22:39:50",18.2,73.8,663.0
"2022-08-28","22:39:55",18.2,74.2,656.0
"2022-08-28","22:40:00",18.2,74.3,656.0
"2022-08-28","22:40:05",18.2,74.5,658.0
"2022-08-28","22:40:45",18.3,73.3,661.0
"2022-08-28","22:40:50",18.2,73.4,665.0
"2022-08-28","22:40:55",18.2,73.5,644.0
"2022-08-28","22:41:05",18.3,73.5,750.0
"2022-08-28","22:41:25",18.3,73.4,859.0
"2022-08-28","22:43:28",18.5,73.7,703.0
"2022-08-28","22:43:48",18.5,73.7,811.0
"2022-08-28","22:44:13",18.5,73.2,367.0
"2022-08-28","22:44:18",18.4,73.0,414.0
"2022-08-28","22:44:23",18.5,72.9,452.0
"2022-08-28","22:44:28",18.5,72.8,499.0
"2022-08-28","22:44:34",18.4,72.8,522.0
"2022-08-28","22:44:39",18.4,72.8,507.0
"2022-08-28","22:44:44",18.4,72.9,509.0
"2022-08-28","22:44:49",18.4,73.1,512.0
"2022-08-28","22:44:54",18.4,73.3,505.0
"2022-08-28","22:44:59",18.4,73.7,504.0
"2022-08-28","22:45:04",18.4,74.2,496.0
"2022-08-28","22:45:09",18.4,74.2,487.0
"2022-08-28","22:45:14",18.4,74.2,490.0
"2022-08-28","22:45:19",18.4,74.3,495.0
"2022-08-28","22:45:24",18.4,74.5,487.0
"2022-08-28","22:45:29",18.4,74.4,484.0
"2022-08-28","22:45:34",18.4,74.8,483.0
"2022-08-28","22:45:39",18.4,74.4,470.0
"2022-08-28","22:45:44",18.3,74.2,466.0
"2022-08-28","22:45:49",18.4,74.0,462.0
"2022-08-28","22:45:54",18.3,73.8,460.0
"2022-08-28","22:45:59",18.4,74.1,456.0
"2022-08-28","22:46:04",18.4,74.7,445.0
"2022-08-28","22:46:09",18.3,75.0,440.0
"2022-08-28","22:46:14",18.3,75.0,436.0
"2022-08-28","22:46:19",18.4,75.0,438.0
"2022-08-28","22:46:24",18.3,74.5,437.0
"2022-08-28","22:46:29",18.3,74.4,426.0
"2022-08-28","22:46:34",18.4,74.2,426.0
"2022-08-28","22:46:39",18.3,74.2,410.0
"2022-08-28","22:46:44",18.3,74.6,412.0
"2022-08-28","22:46:49",18.4,74.6,404.0
"2022-08-28","22:46:54",18.3,74.8,401.0
"2022-08-28","22:46:59",18.3,74.8,406.0
"2022-08-28","22:47:04",18.3,74.9,402.0
"2022-08-28","22:47:09",18.3,75.2,392.0
